/*
================================================================================
  BizAppsCommon Sample Data Population Script
  Schema: __mj_BizAppsCommon
================================================================================

  PURPOSE:
    Populates the __mj_BizAppsCommon schema with rich, realistic sample data
    for demonstration and development purposes.

  PREREQUISITES:
    1. Database migrations must have been run (tables must exist)
    2. For AddressLink inserts, CodeGen must have been run so that entities
       are registered in __mj.Entity. If CodeGen has not been run, the script
       will skip AddressLink inserts and print an informational message.

  IDEMPOTENCY:
    - Lookup/seed tables use IF NOT EXISTS to avoid duplicate inserts
    - Transactional data (Person, Organization, etc.) uses hardcoded GUIDs
      generated by uuidgen, so re-running is safe (duplicate key inserts
      will fail gracefully). To reset, delete existing demo data first.

  NOTES:
    - All GUIDs are hardcoded UUIDs DECLAREd at the top of each section
    - __mj_CreatedAt / __mj_UpdatedAt columns are NOT included (CodeGen manages them)
    - All INSERT statements use explicit column lists

================================================================================
*/

SET NOCOUNT ON;
GO

PRINT '=== BizAppsCommon Sample Data Script - Starting ===';
PRINT '';

-- ============================================================================
-- SECTION 1: OrganizationType (Lookup / Seed Data)
-- ============================================================================
PRINT '--- Inserting OrganizationType seed data ---';

IF NOT EXISTS (SELECT 1 FROM [__mj_BizAppsCommon].[OrganizationType] WHERE [Name] = 'Company')
    INSERT INTO [__mj_BizAppsCommon].[OrganizationType] ([Name], [Description], [IconClass])
    VALUES ('Company', 'A for-profit business entity such as a corporation, LLC, or partnership.', 'fa-solid fa-building');

IF NOT EXISTS (SELECT 1 FROM [__mj_BizAppsCommon].[OrganizationType] WHERE [Name] = 'Non-Profit')
    INSERT INTO [__mj_BizAppsCommon].[OrganizationType] ([Name], [Description], [IconClass])
    VALUES ('Non-Profit', 'A tax-exempt organization operating for charitable, educational, or social purposes.', 'fa-solid fa-hand-holding-heart');

IF NOT EXISTS (SELECT 1 FROM [__mj_BizAppsCommon].[OrganizationType] WHERE [Name] = 'Association')
    INSERT INTO [__mj_BizAppsCommon].[OrganizationType] ([Name], [Description], [IconClass])
    VALUES ('Association', 'A professional or industry association formed to advance shared interests.', 'fa-solid fa-people-group');

IF NOT EXISTS (SELECT 1 FROM [__mj_BizAppsCommon].[OrganizationType] WHERE [Name] = 'Government')
    INSERT INTO [__mj_BizAppsCommon].[OrganizationType] ([Name], [Description], [IconClass])
    VALUES ('Government', 'A local, state, or federal government body or agency.', 'fa-solid fa-landmark-flag');

IF NOT EXISTS (SELECT 1 FROM [__mj_BizAppsCommon].[OrganizationType] WHERE [Name] = 'Educational Institution')
    INSERT INTO [__mj_BizAppsCommon].[OrganizationType] ([Name], [Description], [IconClass])
    VALUES ('Educational Institution', 'A university, college, school, or other educational organization.', 'fa-solid fa-graduation-cap');

IF NOT EXISTS (SELECT 1 FROM [__mj_BizAppsCommon].[OrganizationType] WHERE [Name] = 'Religious Organization')
    INSERT INTO [__mj_BizAppsCommon].[OrganizationType] ([Name], [Description], [IconClass])
    VALUES ('Religious Organization', 'A church, mosque, synagogue, temple, or other faith-based organization.', 'fa-solid fa-place-of-worship');

PRINT '   OrganizationType: done';


-- ============================================================================
-- SECTION 2: AddressType (Lookup / Seed Data)
-- ============================================================================
PRINT '--- Inserting AddressType seed data ---';

IF NOT EXISTS (SELECT 1 FROM [__mj_BizAppsCommon].[AddressType] WHERE [Name] = 'Headquarters')
    INSERT INTO [__mj_BizAppsCommon].[AddressType] ([Name], [Description], [DefaultRank])
    VALUES ('Headquarters', 'Primary headquarters or main office address.', 10);

IF NOT EXISTS (SELECT 1 FROM [__mj_BizAppsCommon].[AddressType] WHERE [Name] = 'Work')
    INSERT INTO [__mj_BizAppsCommon].[AddressType] ([Name], [Description], [DefaultRank])
    VALUES ('Work', 'Work or office address for an individual.', 20);

IF NOT EXISTS (SELECT 1 FROM [__mj_BizAppsCommon].[AddressType] WHERE [Name] = 'Home')
    INSERT INTO [__mj_BizAppsCommon].[AddressType] ([Name], [Description], [DefaultRank])
    VALUES ('Home', 'Residential or home address.', 30);

IF NOT EXISTS (SELECT 1 FROM [__mj_BizAppsCommon].[AddressType] WHERE [Name] = 'Mailing')
    INSERT INTO [__mj_BizAppsCommon].[AddressType] ([Name], [Description], [DefaultRank])
    VALUES ('Mailing', 'Preferred mailing address for correspondence.', 40);

IF NOT EXISTS (SELECT 1 FROM [__mj_BizAppsCommon].[AddressType] WHERE [Name] = 'Branch')
    INSERT INTO [__mj_BizAppsCommon].[AddressType] ([Name], [Description], [DefaultRank])
    VALUES ('Branch', 'Branch office or satellite location.', 50);

IF NOT EXISTS (SELECT 1 FROM [__mj_BizAppsCommon].[AddressType] WHERE [Name] = 'Billing')
    INSERT INTO [__mj_BizAppsCommon].[AddressType] ([Name], [Description], [DefaultRank])
    VALUES ('Billing', 'Billing or accounts payable address.', 60);

IF NOT EXISTS (SELECT 1 FROM [__mj_BizAppsCommon].[AddressType] WHERE [Name] = 'Shipping')
    INSERT INTO [__mj_BizAppsCommon].[AddressType] ([Name], [Description], [DefaultRank])
    VALUES ('Shipping', 'Shipping or delivery address.', 70);

PRINT '   AddressType: done';


-- ============================================================================
-- SECTION 3: ContactType (Lookup / Seed Data)
-- ============================================================================
PRINT '--- Inserting ContactType seed data ---';

IF NOT EXISTS (SELECT 1 FROM [__mj_BizAppsCommon].[ContactType] WHERE [Name] = 'Phone')
    INSERT INTO [__mj_BizAppsCommon].[ContactType] ([Name], [Description], [IconClass])
    VALUES ('Phone', 'Landline or general phone number.', 'fa-solid fa-phone');

IF NOT EXISTS (SELECT 1 FROM [__mj_BizAppsCommon].[ContactType] WHERE [Name] = 'Mobile')
    INSERT INTO [__mj_BizAppsCommon].[ContactType] ([Name], [Description], [IconClass])
    VALUES ('Mobile', 'Mobile or cell phone number.', 'fa-solid fa-mobile-screen');

IF NOT EXISTS (SELECT 1 FROM [__mj_BizAppsCommon].[ContactType] WHERE [Name] = 'Fax')
    INSERT INTO [__mj_BizAppsCommon].[ContactType] ([Name], [Description], [IconClass])
    VALUES ('Fax', 'Fax machine number.', 'fa-solid fa-fax');

IF NOT EXISTS (SELECT 1 FROM [__mj_BizAppsCommon].[ContactType] WHERE [Name] = 'Email')
    INSERT INTO [__mj_BizAppsCommon].[ContactType] ([Name], [Description], [IconClass])
    VALUES ('Email', 'Email address for correspondence.', 'fa-solid fa-envelope');

IF NOT EXISTS (SELECT 1 FROM [__mj_BizAppsCommon].[ContactType] WHERE [Name] = 'LinkedIn')
    INSERT INTO [__mj_BizAppsCommon].[ContactType] ([Name], [Description], [IconClass])
    VALUES ('LinkedIn', 'LinkedIn profile URL.', 'fa-brands fa-linkedin');

IF NOT EXISTS (SELECT 1 FROM [__mj_BizAppsCommon].[ContactType] WHERE [Name] = 'X/Twitter')
    INSERT INTO [__mj_BizAppsCommon].[ContactType] ([Name], [Description], [IconClass])
    VALUES ('X/Twitter', 'X (formerly Twitter) profile URL or handle.', 'fa-brands fa-x-twitter');

IF NOT EXISTS (SELECT 1 FROM [__mj_BizAppsCommon].[ContactType] WHERE [Name] = 'Website')
    INSERT INTO [__mj_BizAppsCommon].[ContactType] ([Name], [Description], [IconClass])
    VALUES ('Website', 'Personal or organizational website URL.', 'fa-solid fa-globe');

PRINT '   ContactType: done';


-- ============================================================================
-- SECTION 4: RelationshipType (Lookup / Seed Data)
-- ============================================================================
PRINT '--- Inserting RelationshipType seed data ---';

-- PersonToPerson
IF NOT EXISTS (SELECT 1 FROM [__mj_BizAppsCommon].[RelationshipType] WHERE [Name] = 'Spouse')
    INSERT INTO [__mj_BizAppsCommon].[RelationshipType] ([Name], [Description], [Category], [IsDirectional], [ForwardLabel], [ReverseLabel])
    VALUES ('Spouse', 'Spousal or domestic partner relationship.', 'PersonToPerson', 0, 'is spouse of', 'is spouse of');

IF NOT EXISTS (SELECT 1 FROM [__mj_BizAppsCommon].[RelationshipType] WHERE [Name] = 'Parent/Child')
    INSERT INTO [__mj_BizAppsCommon].[RelationshipType] ([Name], [Description], [Category], [IsDirectional], [ForwardLabel], [ReverseLabel])
    VALUES ('Parent/Child', 'Parent-to-child familial relationship.', 'PersonToPerson', 1, 'is parent of', 'is child of');

IF NOT EXISTS (SELECT 1 FROM [__mj_BizAppsCommon].[RelationshipType] WHERE [Name] = 'Sibling')
    INSERT INTO [__mj_BizAppsCommon].[RelationshipType] ([Name], [Description], [Category], [IsDirectional], [ForwardLabel], [ReverseLabel])
    VALUES ('Sibling', 'Brother or sister relationship.', 'PersonToPerson', 0, 'is sibling of', 'is sibling of');

IF NOT EXISTS (SELECT 1 FROM [__mj_BizAppsCommon].[RelationshipType] WHERE [Name] = 'Mentor/Mentee')
    INSERT INTO [__mj_BizAppsCommon].[RelationshipType] ([Name], [Description], [Category], [IsDirectional], [ForwardLabel], [ReverseLabel])
    VALUES ('Mentor/Mentee', 'Mentoring or coaching relationship.', 'PersonToPerson', 1, 'mentors', 'is mentored by');

-- PersonToOrganization
IF NOT EXISTS (SELECT 1 FROM [__mj_BizAppsCommon].[RelationshipType] WHERE [Name] = 'Employee')
    INSERT INTO [__mj_BizAppsCommon].[RelationshipType] ([Name], [Description], [Category], [IsDirectional], [ForwardLabel], [ReverseLabel])
    VALUES ('Employee', 'Employment relationship between a person and an organization.', 'PersonToOrganization', 1, 'is employed by', 'employs');

IF NOT EXISTS (SELECT 1 FROM [__mj_BizAppsCommon].[RelationshipType] WHERE [Name] = 'Board Member')
    INSERT INTO [__mj_BizAppsCommon].[RelationshipType] ([Name], [Description], [Category], [IsDirectional], [ForwardLabel], [ReverseLabel])
    VALUES ('Board Member', 'Board membership or directorship at an organization.', 'PersonToOrganization', 1, 'serves on board of', 'has board member');

IF NOT EXISTS (SELECT 1 FROM [__mj_BizAppsCommon].[RelationshipType] WHERE [Name] = 'Contractor')
    INSERT INTO [__mj_BizAppsCommon].[RelationshipType] ([Name], [Description], [Category], [IsDirectional], [ForwardLabel], [ReverseLabel])
    VALUES ('Contractor', 'Independent contractor or consulting engagement.', 'PersonToOrganization', 1, 'contracts with', 'engages contractor');

IF NOT EXISTS (SELECT 1 FROM [__mj_BizAppsCommon].[RelationshipType] WHERE [Name] = 'Volunteer')
    INSERT INTO [__mj_BizAppsCommon].[RelationshipType] ([Name], [Description], [Category], [IsDirectional], [ForwardLabel], [ReverseLabel])
    VALUES ('Volunteer', 'Volunteer service at an organization.', 'PersonToOrganization', 1, 'volunteers at', 'has volunteer');

IF NOT EXISTS (SELECT 1 FROM [__mj_BizAppsCommon].[RelationshipType] WHERE [Name] = 'Member')
    INSERT INTO [__mj_BizAppsCommon].[RelationshipType] ([Name], [Description], [Category], [IsDirectional], [ForwardLabel], [ReverseLabel])
    VALUES ('Member', 'Membership in an organization or association.', 'PersonToOrganization', 1, 'is member of', 'has member');

-- OrganizationToOrganization
IF NOT EXISTS (SELECT 1 FROM [__mj_BizAppsCommon].[RelationshipType] WHERE [Name] = 'Customer/Vendor')
    INSERT INTO [__mj_BizAppsCommon].[RelationshipType] ([Name], [Description], [Category], [IsDirectional], [ForwardLabel], [ReverseLabel])
    VALUES ('Customer/Vendor', 'Customer-vendor commercial relationship between organizations.', 'OrganizationToOrganization', 1, 'is customer of', 'is vendor to');

IF NOT EXISTS (SELECT 1 FROM [__mj_BizAppsCommon].[RelationshipType] WHERE [Name] = 'Partner')
    INSERT INTO [__mj_BizAppsCommon].[RelationshipType] ([Name], [Description], [Category], [IsDirectional], [ForwardLabel], [ReverseLabel])
    VALUES ('Partner', 'Strategic partnership between organizations.', 'OrganizationToOrganization', 0, 'is partner of', 'is partner of');

IF NOT EXISTS (SELECT 1 FROM [__mj_BizAppsCommon].[RelationshipType] WHERE [Name] = 'Affiliate')
    INSERT INTO [__mj_BizAppsCommon].[RelationshipType] ([Name], [Description], [Category], [IsDirectional], [ForwardLabel], [ReverseLabel])
    VALUES ('Affiliate', 'Affiliation or subsidiary relationship between organizations.', 'OrganizationToOrganization', 1, 'is affiliate of', 'has affiliate');

PRINT '   RelationshipType: done';
PRINT '';


-- ============================================================================
-- SECTION 5: People (25 records)
-- ============================================================================
PRINT '--- Inserting Person records ---';

-- Declare all Person GUIDs
DECLARE @Person1  UNIQUEIDENTIFIER = 'F939D294-682B-461A-B26A-54C7130909BE';  -- Sarah Chen
DECLARE @Person2  UNIQUEIDENTIFIER = '4936708A-DF3C-4923-A507-E51C06E935FF';  -- Michael Rodriguez
DECLARE @Person3  UNIQUEIDENTIFIER = '4913C1D7-0865-4372-96FE-31F2D9D111E9';  -- Jennifer Okafor
DECLARE @Person4  UNIQUEIDENTIFIER = '483E4808-058D-44A6-8810-0100C9009379';  -- David Kim
DECLARE @Person5  UNIQUEIDENTIFIER = '75207781-210A-4C3C-9033-9B2509D047D8';  -- Emily Watson
DECLARE @Person6  UNIQUEIDENTIFIER = '63AF9BA1-3861-4836-82A9-0DB82F48D2CA';  -- James Thompson
DECLARE @Person7  UNIQUEIDENTIFIER = 'DF6ABC27-D1E0-4B20-8AC6-8370A7A257BD';  -- Maria Gonzalez
DECLARE @Person8  UNIQUEIDENTIFIER = '6986A16E-5CC6-472D-A001-C79D6ABFB844';  -- Robert Singh
DECLARE @Person9  UNIQUEIDENTIFIER = '1C85D696-8853-4D47-B44E-DFF5C04AED55';  -- Lisa Nakamura
DECLARE @Person10 UNIQUEIDENTIFIER = '4B4AE7B1-69F7-42FD-904E-7D48D6C6B2A8';  -- Thomas Anderson
DECLARE @Person11 UNIQUEIDENTIFIER = 'A4A38A45-72EA-41F4-95B8-D179EBEB12F9';  -- Patricia Williams
DECLARE @Person12 UNIQUEIDENTIFIER = '527EE5B8-240B-4601-9F6D-92FC5369D851';  -- Christopher Lee
DECLARE @Person13 UNIQUEIDENTIFIER = '22013C3C-7503-47D0-B5E7-806FC99A912C';  -- Amanda Foster
DECLARE @Person14 UNIQUEIDENTIFIER = 'C8750355-29B3-46D4-83CC-C942495E2484';  -- Daniel Martinez
DECLARE @Person15 UNIQUEIDENTIFIER = '01C2FD37-FCCC-478A-99B7-3A608FF77DE7';  -- Rachel Green
DECLARE @Person16 UNIQUEIDENTIFIER = '50B41B27-83DD-4F4B-9D71-2CC2F4CC9F79';  -- Marcus Johnson
DECLARE @Person17 UNIQUEIDENTIFIER = 'AC33AE91-CC32-4BDD-94D2-C18657353886';  -- Sophia Patel
DECLARE @Person18 UNIQUEIDENTIFIER = '94BE2253-F156-41BC-9221-EA6827B3DFA7';  -- William Brown
DECLARE @Person19 UNIQUEIDENTIFIER = '5CFEB4CE-0B30-4F08-ABDC-A8053A4E4F71';  -- Olivia Taylor
DECLARE @Person20 UNIQUEIDENTIFIER = '89893671-579A-41F3-A195-43E683277043';  -- Nathan Wright
DECLARE @Person21 UNIQUEIDENTIFIER = '555B0C27-8CD5-4F9E-9936-E9BAD698226B';  -- Elena Volkov
DECLARE @Person22 UNIQUEIDENTIFIER = '836A2E1A-4753-430F-AAD7-219560A1715F';  -- Benjamin Clark
DECLARE @Person23 UNIQUEIDENTIFIER = '5D21C0B1-22FF-474C-99D5-5CB23BDC2A9F';  -- Hannah Mitchell
DECLARE @Person24 UNIQUEIDENTIFIER = '28413DBD-E6BD-4C71-8ED9-69EEA3FFB7E5';  -- Andrew Park
DECLARE @Person25 UNIQUEIDENTIFIER = '3A61691E-54B5-44A3-8BBE-E16198D37F11';  -- Catherine O'Brien
DECLARE @Person26 UNIQUEIDENTIFIER = 'F5BA1A96-81DE-40CC-A106-828B9B28EF5E';  -- Raj Patel
DECLARE @Person27 UNIQUEIDENTIFIER = '06760EBD-4A78-4005-AF58-240C94262472';  -- Yuki Tanaka
DECLARE @Person28 UNIQUEIDENTIFIER = 'F95B98EB-DF25-4B94-8D5E-2B390A8C41B1';  -- Amara Okonkwo
DECLARE @Person29 UNIQUEIDENTIFIER = 'A6FD61E0-8028-4662-A966-AAB56925B731';  -- Carlos Mendoza
DECLARE @Person30 UNIQUEIDENTIFIER = 'A421F5F5-145C-4C49-9270-90CE4820C18F';  -- Fatima Al-Rashid
DECLARE @Person31 UNIQUEIDENTIFIER = '0D8DA16E-9520-4A86-A45C-58ADED02DD98';  -- Henrik Larsson
DECLARE @Person32 UNIQUEIDENTIFIER = 'C9B49EC4-5ED1-4550-A44F-9596178D2B97';  -- Mei-Lin Chen
DECLARE @Person33 UNIQUEIDENTIFIER = '354888FF-578B-419C-BB22-0A5BD0533DDC';  -- Jamal Washington
DECLARE @Person34 UNIQUEIDENTIFIER = 'CE6996E0-1EA5-46EF-BA14-D76D64524C56';  -- Sofia Rodriguez
DECLARE @Person35 UNIQUEIDENTIFIER = '97FDEAB3-4DB3-4001-9670-9B9AD3AFDDC1';  -- Dmitri Volkov
DECLARE @Person36 UNIQUEIDENTIFIER = 'E3B177DB-A43B-4580-B667-6D23784C7D2A';  -- Priya Sharma
DECLARE @Person37 UNIQUEIDENTIFIER = '91A9AB6F-DF09-4121-81DD-E476F226D936';  -- Kenji Yamamoto
DECLARE @Person38 UNIQUEIDENTIFIER = '2E296240-5C86-40ED-AE8E-1F3577E48793';  -- Nadia Osman
DECLARE @Person39 UNIQUEIDENTIFIER = '35B4F01D-13F2-4C3F-A205-ADB8018B2B68';  -- Diego Santos
DECLARE @Person40 UNIQUEIDENTIFIER = 'DA2E16B9-9881-402E-B9CD-483DF4E164B6';  -- Leila Hassan
DECLARE @Person41 UNIQUEIDENTIFIER = 'CE52E35B-F9B8-4753-9F2A-62175290E5CF';  -- Marcus Thompson
DECLARE @Person42 UNIQUEIDENTIFIER = '91AA8B24-B98A-4367-9D67-B0DEA4EF9349';  -- Anastasia Petrov
DECLARE @Person43 UNIQUEIDENTIFIER = 'C047C9B0-798A-40DD-A6F4-33111DB13BD4';  -- Wei Zhang
DECLARE @Person44 UNIQUEIDENTIFIER = 'F65B1E8D-DF32-48CC-8F4D-04963C8D43B4';  -- Isabella Costa
DECLARE @Person45 UNIQUEIDENTIFIER = '86BCA134-4102-4E27-96D6-C977F08E1400';  -- Omar Abdullah
DECLARE @Person46 UNIQUEIDENTIFIER = '777A1D22-F837-4534-B991-2F6D6D30BB6D';  -- Aisha Kamara
DECLARE @Person47 UNIQUEIDENTIFIER = '23EA1430-8E24-412E-91ED-CA01B9603CD2';  -- Hiroshi Nakamura
DECLARE @Person48 UNIQUEIDENTIFIER = '3BFECDC9-2B1F-4A3D-ACBC-9A90D43E5AB3';  -- Elena Popescu
DECLARE @Person49 UNIQUEIDENTIFIER = 'D0D9D7A6-777F-4A21-8D6F-BDECA4555420';  -- Mateo Vargas
DECLARE @Person50 UNIQUEIDENTIFIER = '4113B2A3-B961-4BE3-94E0-2CDC59B71406';  -- Lakshmi Reddy
DECLARE @Person51 UNIQUEIDENTIFIER = 'E44CFBC1-AB6A-41A6-872E-0CC6E87F9EF9';  -- Andre Baptiste
DECLARE @Person52 UNIQUEIDENTIFIER = '46CB9BA0-EDBD-4614-9A94-1B27A62F0C5E';  -- Soo-Jin Park
DECLARE @Person53 UNIQUEIDENTIFIER = '7C9D1CD4-56D7-4A1B-A24E-D56398217ED7';  -- Tariq Mansour
DECLARE @Person54 UNIQUEIDENTIFIER = 'F645A16F-7163-4299-BDB9-8D26204B9830';  -- Ingrid Johansson
DECLARE @Person55 UNIQUEIDENTIFIER = 'DF0E93A3-40D2-41DE-AE64-BBAD1B3824CD';  -- Francisco Reyes
DECLARE @Person56 UNIQUEIDENTIFIER = '41D195C8-0E49-4B00-B3AA-ECB02F743FD5';  -- Chioma Nwosu
DECLARE @Person57 UNIQUEIDENTIFIER = '7DC82D80-8FE5-4670-AC5E-87E149C8B053';  -- Nikolai Ivanov
DECLARE @Person58 UNIQUEIDENTIFIER = '262A173C-E6D3-4A95-B839-60DFC438012C';  -- Yasmin Khan
DECLARE @Person59 UNIQUEIDENTIFIER = '3BE55508-2783-49F4-A4FD-C71309BF3159';  -- Takeshi Suzuki
DECLARE @Person60 UNIQUEIDENTIFIER = '9FD60721-232A-406B-AE90-969BAA2F2A22';  -- Gabriela Silva
DECLARE @Person61 UNIQUEIDENTIFIER = '57106595-C4E6-4A48-94EF-819522557FF5';  -- Mohammed Al-Jabr
DECLARE @Person62 UNIQUEIDENTIFIER = '0BE0D36F-A042-4FAA-918A-BE5EE1BCB4EE';  -- Katerina Novak
DECLARE @Person63 UNIQUEIDENTIFIER = 'BB7C8C1C-4969-4673-A643-ABF3B4F091A2';  -- Javier Morales
DECLARE @Person64 UNIQUEIDENTIFIER = '021C2AE4-ED61-44F8-A861-EE64A2474CE1';  -- Anika Gupta
DECLARE @Person65 UNIQUEIDENTIFIER = '335F834D-B8D1-4522-A519-20F9DBF5AE84';  -- Kwame Mensah
DECLARE @Person66 UNIQUEIDENTIFIER = 'C02766E5-9086-4994-9356-86452790FE95';  -- Valentina Romano
DECLARE @Person67 UNIQUEIDENTIFIER = '9BE2663B-7259-44C0-8A28-78CFADEB3062';  -- Sandeep Kumar
DECLARE @Person68 UNIQUEIDENTIFIER = '33F64AA6-1137-4D11-B90B-F1433C856FFF';  -- Ling Wu
DECLARE @Person69 UNIQUEIDENTIFIER = '5D210A39-6292-49D7-8C97-D830FD1847B2';  -- Rafael Diaz
DECLARE @Person70 UNIQUEIDENTIFIER = '24364F78-A9E6-45B5-AAB3-84F09E732F59';  -- Zara Ahmed
DECLARE @Person71 UNIQUEIDENTIFIER = '07CF9FBF-9511-4350-B927-8301831D4403';  -- Antoine Dubois
DECLARE @Person72 UNIQUEIDENTIFIER = '7E86C8FA-D651-40C8-9400-00CB84F91515';  -- Keisha Williams
DECLARE @Person73 UNIQUEIDENTIFIER = 'FB911C09-A1CA-456F-8B42-D98C3AB14EB4';  -- Alessandro Greco
DECLARE @Person74 UNIQUEIDENTIFIER = 'F6E0CBBB-D155-4A58-BCB4-5DBCF233C24B';  -- Sumitra Patel
DECLARE @Person75 UNIQUEIDENTIFIER = '5AAFE1F6-19E6-48AA-93D0-034238D78493';  -- Jin-Soo Lee

-- 1. Sarah Chen - CEO of Acme Technologies
INSERT INTO [__mj_BizAppsCommon].[Person]
    ([ID], [FirstName], [LastName], [Title], [Email], [Phone], [DateOfBirth], [Gender], [Bio], [Status])
VALUES
    (@Person1, 'Sarah', 'Chen', 'CEO', 'sarah.chen@acmetech.com', '(555) 100-0001', '1978-03-15', 'Female',
     'Experienced technology executive with over 20 years in the software industry. Previously led product divisions at two Fortune 500 companies before founding and scaling Acme Technologies.', 'Active');

-- 2. Michael Rodriguez - COO of Acme Technologies
INSERT INTO [__mj_BizAppsCommon].[Person]
    ([ID], [FirstName], [LastName], [Title], [Email], [Phone], [DateOfBirth], [Gender], [Bio], [Status])
VALUES
    (@Person2, 'Michael', 'Rodriguez', 'COO', 'michael.r@acmetech.com', '(555) 100-0002', '1975-07-22', 'Male',
     'Operations leader specializing in scaling technology companies. Expert in process optimization and organizational design.', 'Active');

-- 3. Jennifer Okafor - CFO of Acme Technologies
INSERT INTO [__mj_BizAppsCommon].[Person]
    ([ID], [FirstName], [LastName], [Title], [Email], [Phone], [DateOfBirth], [Gender], [Bio], [Status])
VALUES
    (@Person3, 'Jennifer', 'Okafor', 'CFO', 'jennifer.okafor@acmetech.com', '(555) 100-0003', '1980-11-08', 'Female',
     'Financial executive with deep expertise in SaaS business models, fundraising, and M&A transactions.', 'Active');

-- 4. David Kim - CTO of Acme Technologies
INSERT INTO [__mj_BizAppsCommon].[Person]
    ([ID], [FirstName], [LastName], [Title], [Email], [Phone], [DateOfBirth], [Gender], [Bio], [Status])
VALUES
    (@Person4, 'David', 'Kim', 'CTO', 'david.kim@acmetech.com', '(555) 100-0004', '1982-01-30', 'Male',
     'Technologist and architect with a passion for building scalable distributed systems. Holds multiple patents in cloud computing.', 'Active');

-- 5. Emily Watson - VP Marketing at Acme Technologies
INSERT INTO [__mj_BizAppsCommon].[Person]
    ([ID], [FirstName], [LastName], [Title], [Email], [Phone], [DateOfBirth], [Gender], [Bio], [Status])
VALUES
    (@Person5, 'Emily', 'Watson', 'VP Marketing', 'emily.watson@acmetech.com', '(555) 100-0005', '1985-06-12', 'Female',
     'Marketing strategist focused on B2B technology brands. Drives growth through data-driven campaigns and thought leadership.', 'Active');

-- 6. James Thompson - VP Sales at Nexus Software
INSERT INTO [__mj_BizAppsCommon].[Person]
    ([ID], [FirstName], [LastName], [Title], [Email], [Phone], [DateOfBirth], [Gender], [Bio], [Status])
VALUES
    (@Person6, 'James', 'Thompson', 'VP Sales', 'james.t@nexussoftware.com', '(555) 200-0001', '1979-09-05', 'Male',
     'Enterprise sales leader with a proven track record of building high-performing sales teams across the Pacific Northwest.', 'Active');

-- 7. Maria Gonzalez - Director of Operations at Nexus Software
INSERT INTO [__mj_BizAppsCommon].[Person]
    ([ID], [FirstName], [LastName], [Title], [Email], [Phone], [DateOfBirth], [Gender], [Bio], [Status])
VALUES
    (@Person7, 'Maria', 'Gonzalez', 'Director of Operations', 'maria.g@nexussoftware.com', '(555) 200-0002', '1983-04-18', 'Female',
     'Operations professional with extensive experience in software delivery and customer success management.', 'Active');

-- 8. Robert Singh - Director of Engineering at Nexus Software
INSERT INTO [__mj_BizAppsCommon].[Person]
    ([ID], [FirstName], [LastName], [Title], [Email], [Phone], [DateOfBirth], [Gender], [Bio], [Status])
VALUES
    (@Person8, 'Robert', 'Singh', 'Director of Engineering', 'robert.singh@nexussoftware.com', '(555) 200-0003', '1981-12-03', 'Male',
     'Engineering leader who has managed teams of 50+ developers. Advocate for agile methodologies and continuous delivery.', 'Active');

-- 9. Lisa Nakamura - General Counsel at Global Standards Alliance
INSERT INTO [__mj_BizAppsCommon].[Person]
    ([ID], [FirstName], [LastName], [Title], [Email], [Phone], [DateOfBirth], [Gender], [Bio], [Status])
VALUES
    (@Person9, 'Lisa', 'Nakamura', 'General Counsel', 'lisa.n@globalstandards.org', '(555) 300-0001', '1976-08-25', 'Female',
     'Corporate attorney specializing in technology law, intellectual property, and international standards compliance.', 'Active');

-- 10. Thomas Anderson - Board Chair (Dr.)
INSERT INTO [__mj_BizAppsCommon].[Person]
    ([ID], [FirstName], [LastName], [Prefix], [Title], [Email], [Phone], [DateOfBirth], [Gender], [Bio], [Status])
VALUES
    (@Person10, 'Thomas', 'Anderson', 'Dr.', 'Board Chair', 'thomas.anderson@email.com', '(555) 400-0001', '1962-05-10', 'Male',
     'Veteran board director and governance expert. Holds a Ph.D. in Organizational Leadership and serves on multiple non-profit boards.', 'Active');

-- 11. Patricia Williams - Board Vice Chair
INSERT INTO [__mj_BizAppsCommon].[Person]
    ([ID], [FirstName], [LastName], [Title], [Email], [Phone], [DateOfBirth], [Gender], [Bio], [Status])
VALUES
    (@Person11, 'Patricia', 'Williams', 'Board Vice Chair', 'patricia.w@email.com', '(555) 400-0002', '1968-10-14', 'Female',
     'Community leader and retired executive. Passionate about organizational development and community impact.', 'Active');

-- 12. Christopher Lee - Professor at PNW University
INSERT INTO [__mj_BizAppsCommon].[Person]
    ([ID], [FirstName], [LastName], [Title], [Email], [Phone], [DateOfBirth], [Gender], [Bio], [Status])
VALUES
    (@Person12, 'Christopher', 'Lee', 'Professor of Computer Science', 'chris.lee@pnwu.edu', '(555) 500-0001', '1974-02-28', 'Male',
     'Tenured professor researching distributed systems and cloud-native architectures. Published over 60 peer-reviewed papers.', 'Active');

-- 13. Amanda Foster - Consultant at TechBridge
INSERT INTO [__mj_BizAppsCommon].[Person]
    ([ID], [FirstName], [LastName], [Title], [Email], [Phone], [DateOfBirth], [Gender], [Bio], [Status])
VALUES
    (@Person13, 'Amanda', 'Foster', 'Senior Consultant', 'amanda.foster@techbridge.com', '(555) 600-0001', '1987-07-09', 'Female',
     'Technology consultant helping mid-market companies with digital transformation, ERP implementations, and process automation.', 'Active');

-- 14. Daniel Martinez - Project Manager at Acme Technologies
INSERT INTO [__mj_BizAppsCommon].[Person]
    ([ID], [FirstName], [LastName], [Title], [Email], [Phone], [DateOfBirth], [Gender], [Bio], [Status])
VALUES
    (@Person14, 'Daniel', 'Martinez', 'Project Manager', 'daniel.m@acmetech.com', '(555) 100-0006', '1988-03-21', 'Male',
     'PMP-certified project manager with experience delivering complex software projects on time and within budget.', 'Active');

-- 15. Rachel Green - HR Director at Acme Technologies
INSERT INTO [__mj_BizAppsCommon].[Person]
    ([ID], [FirstName], [LastName], [Title], [Email], [Phone], [DateOfBirth], [Gender], [Bio], [Status])
VALUES
    (@Person15, 'Rachel', 'Green', 'HR Director', 'rachel.green@acmetech.com', '(555) 100-0007', '1984-09-17', 'Female',
     'Human resources leader focused on talent acquisition, employee engagement, and building inclusive workplace cultures.', 'Active');

-- 16. Marcus Johnson - Controller at Nexus Software
INSERT INTO [__mj_BizAppsCommon].[Person]
    ([ID], [FirstName], [LastName], [Title], [Email], [Phone], [DateOfBirth], [Gender], [Bio], [Status])
VALUES
    (@Person16, 'Marcus', 'Johnson', 'Controller', 'marcus.j@nexussoftware.com', '(555) 200-0004', '1980-06-30', 'Male',
     'CPA with extensive experience in software company financial management, revenue recognition, and regulatory compliance.', 'Active');

-- 17. Sophia Patel - Data Scientist at Innovation Labs
INSERT INTO [__mj_BizAppsCommon].[Person]
    ([ID], [FirstName], [LastName], [Title], [Email], [Phone], [DateOfBirth], [Gender], [Bio], [Status])
VALUES
    (@Person17, 'Sophia', 'Patel', 'Data Scientist', 'sophia.patel@innovationlabs.com', '(555) 700-0001', '1992-11-05', 'Female',
     'Data scientist specializing in machine learning, NLP, and predictive analytics. M.S. in Statistics from Stanford.', 'Active');

-- 18. William Brown - Solutions Architect at DataFlow Systems
INSERT INTO [__mj_BizAppsCommon].[Person]
    ([ID], [FirstName], [LastName], [Title], [Email], [Phone], [DateOfBirth], [Gender], [Bio], [Status])
VALUES
    (@Person18, 'William', 'Brown', 'Solutions Architect', 'william.b@dataflow.com', '(555) 800-0001', '1977-04-12', 'Male',
     'Solutions architect designing enterprise data pipelines and integration platforms. AWS and Azure certified.', 'Active');

-- 19. Olivia Taylor - Marketing Manager at Green Energy Coalition
INSERT INTO [__mj_BizAppsCommon].[Person]
    ([ID], [FirstName], [LastName], [Title], [Email], [Phone], [DateOfBirth], [Gender], [Bio], [Status])
VALUES
    (@Person19, 'Olivia', 'Taylor', 'Marketing Manager', 'olivia.t@greencoalition.org', '(555) 900-0001', '1990-01-23', 'Female',
     'Mission-driven marketer experienced in non-profit communications, grant writing, and community engagement campaigns.', 'Active');

-- 20. Nathan Wright - Senior Developer at Acme Technologies
INSERT INTO [__mj_BizAppsCommon].[Person]
    ([ID], [FirstName], [LastName], [Title], [Email], [Phone], [DateOfBirth], [Gender], [Bio], [Status])
VALUES
    (@Person20, 'Nathan', 'Wright', 'Senior Developer', 'nathan.w@acmetech.com', '(555) 100-0008', '1991-08-14', 'Male',
     'Full-stack developer proficient in TypeScript, Angular, and Node.js. Open-source contributor and conference speaker.', 'Active');

-- 21. Elena Volkov - Research Director at PNW University (Dr.)
INSERT INTO [__mj_BizAppsCommon].[Person]
    ([ID], [FirstName], [LastName], [Prefix], [Title], [Email], [Phone], [DateOfBirth], [Gender], [Bio], [Status])
VALUES
    (@Person21, 'Elena', 'Volkov', 'Dr.', 'Research Director', 'elena.v@pnwu.edu', '(555) 500-0002', '1969-12-01', 'Female',
     'Distinguished research director leading the Advanced Computing Lab. Specializes in AI safety and ethical computing.', 'Active');

-- 22. Benjamin Clark - Sales Director at Nexus Software (PreferredName: Ben)
INSERT INTO [__mj_BizAppsCommon].[Person]
    ([ID], [FirstName], [LastName], [PreferredName], [Title], [Email], [Phone], [DateOfBirth], [Gender], [Bio], [Status])
VALUES
    (@Person22, 'Benjamin', 'Clark', 'Ben', 'Sales Director', 'ben.clark@nexussoftware.com', '(555) 200-0005', '1981-05-19', 'Male',
     'Sales director with deep expertise in enterprise software licensing and channel partnerships.', 'Active');

-- 23. Hannah Mitchell - UX Designer at Innovation Labs
INSERT INTO [__mj_BizAppsCommon].[Person]
    ([ID], [FirstName], [LastName], [Title], [Email], [Phone], [DateOfBirth], [Gender], [Bio], [Status])
VALUES
    (@Person23, 'Hannah', 'Mitchell', 'UX Designer', 'hannah.m@innovationlabs.com', '(555) 700-0002', '1993-03-07', 'Female',
     'User experience designer passionate about accessibility, design systems, and human-centered product development.', 'Active');

-- 24. Andrew Park - Business Analyst at TechBridge
INSERT INTO [__mj_BizAppsCommon].[Person]
    ([ID], [FirstName], [LastName], [Title], [Email], [Phone], [DateOfBirth], [Gender], [Bio], [Status])
VALUES
    (@Person24, 'Andrew', 'Park', 'Business Analyst', 'andrew.p@techbridge.com', '(555) 600-0002', '1989-10-26', 'Male',
     'Business analyst bridging the gap between technical teams and business stakeholders. Certified Scrum Master.', 'Active');

-- 25. Catherine O'Brien - Executive Director at Riverside Foundation
INSERT INTO [__mj_BizAppsCommon].[Person]
    ([ID], [FirstName], [LastName], [Title], [Email], [Phone], [DateOfBirth], [Gender], [Bio], [Status])
VALUES
    (@Person25, 'Catherine', 'O''Brien', 'Executive Director', 'catherine.ob@riverside.org', '(555) 350-0001', '1972-06-08', 'Female',
     'Non-profit executive with 25 years of experience in community development, fundraising, and program management.', 'Active');

-- 26. Raj Patel - Chief Technology Officer at Summit Healthcare
INSERT INTO [__mj_BizAppsCommon].[Person]
    ([ID], [FirstName], [LastName], [Title], [Email], [Phone], [DateOfBirth], [Gender], [Bio], [Status])
VALUES
    (@Person26, 'Raj', 'Patel', 'Chief Technology Officer', 'raj.patel@summithealthcare.com', '(555) 782-3401', '1975-03-12', 'Male',
     'Leads digital transformation initiatives with over 20 years of experience in healthcare IT.', 'Active');

-- 27. Yuki Tanaka - Senior UX Designer at Horizon Media Group
INSERT INTO [__mj_BizAppsCommon].[Person]
    ([ID], [FirstName], [LastName], [Title], [Email], [Phone], [DateOfBirth], [Gender], [Bio], [Status])
VALUES
    (@Person27, 'Yuki', 'Tanaka', 'Senior UX Designer', 'yuki.tanaka@horizonmedia.com', '(555) 891-5672', '1988-07-24', 'Female',
     'Specializes in user-centered design for digital media platforms.', 'Active');

-- 28. Amara Okonkwo - Vice President of Operations at Cascade Manufacturing
INSERT INTO [__mj_BizAppsCommon].[Person]
    ([ID], [FirstName], [LastName], [Title], [Email], [Phone], [DateOfBirth], [Gender], [Bio], [Status])
VALUES
    (@Person28, 'Amara', 'Okonkwo', 'Vice President of Operations', 'amara.okonkwo@cascademfg.com', '(555) 623-8914', '1979-11-08', 'Female',
     'Oversees manufacturing operations and supply chain optimization initiatives.', 'Active');

-- 29. Carlos Mendoza - Data Analyst at Blue Ridge Analytics
INSERT INTO [__mj_BizAppsCommon].[Person]
    ([ID], [FirstName], [LastName], [Title], [Email], [Phone], [DateOfBirth], [Gender], [Bio], [Status])
VALUES
    (@Person29, 'Carlos', 'Mendoza', 'Data Analyst', 'carlos.mendoza@blueridgeanalytics.com', '(555) 447-2380', '1992-05-16', 'Male',
     'Focuses on predictive analytics and business intelligence solutions.', 'Active');

-- 30. Fatima Al-Rashid - Director of Research at Global Standards Alliance (Dr.)
INSERT INTO [__mj_BizAppsCommon].[Person]
    ([ID], [Prefix], [FirstName], [LastName], [Title], [Email], [Phone], [DateOfBirth], [Gender], [Bio], [Status])
VALUES
    (@Person30, 'Dr.', 'Fatima', 'Al-Rashid', 'Director of Research', 'fatima.alrashid@globalstandards.org', '(555) 556-7123', '1973-09-22', 'Female',
     'Leads international research initiatives on industry standards and best practices.', 'Active');

-- 31. Henrik Larsson - Software Engineer at DataFlow Systems LLC
INSERT INTO [__mj_BizAppsCommon].[Person]
    ([ID], [FirstName], [LastName], [Title], [Email], [Phone], [DateOfBirth], [Gender], [Bio], [Status])
VALUES
    (@Person31, 'Henrik', 'Larsson', 'Software Engineer', 'henrik.larsson@dataflow.com', '(555) 334-8901', '1990-12-03', 'Male',
     'Develops scalable backend systems for enterprise data management.', 'Active');

-- 32. Mei-Lin Chen - Product Manager at Innovation Labs Corp
INSERT INTO [__mj_BizAppsCommon].[Person]
    ([ID], [FirstName], [LastName], [Title], [Email], [Phone], [DateOfBirth], [Gender], [Bio], [Status])
VALUES
    (@Person32, 'Mei-Lin', 'Chen', 'Product Manager', 'meiling.chen@innovationlabs.com', '(555) 778-2456', '1985-04-18', 'Female',
     'Manages product lifecycle for emerging technology solutions.', 'Active');

-- 33. Jamal Washington - Chief Diversity Officer at Pinnacle Financial Group
INSERT INTO [__mj_BizAppsCommon].[Person]
    ([ID], [FirstName], [LastName], [Title], [Email], [Phone], [DateOfBirth], [Gender], [Bio], [Status])
VALUES
    (@Person33, 'Jamal', 'Washington', 'Chief Diversity Officer', 'jamal.washington@pinnaclefinancial.com', '(555) 912-3345', '1977-08-30', 'Male',
     'Champions diversity, equity, and inclusion initiatives across the organization.', 'Active');

-- 34. Sofia Rodriguez - Marketing Coordinator at Green Energy Coalition
INSERT INTO [__mj_BizAppsCommon].[Person]
    ([ID], [FirstName], [LastName], [Title], [Email], [Phone], [DateOfBirth], [Gender], [Bio], [Status])
VALUES
    (@Person34, 'Sofia', 'Rodriguez', 'Marketing Coordinator', 'sofia.rodriguez@greenenergy.org', '(555) 667-8923', '1994-02-11', 'Female',
     'Coordinates outreach campaigns promoting renewable energy adoption.', 'Active');

-- 35. Dmitri Volkov - Senior Network Architect at Nexus Software Solutions
INSERT INTO [__mj_BizAppsCommon].[Person]
    ([ID], [FirstName], [LastName], [Title], [Email], [Phone], [DateOfBirth], [Gender], [Bio], [Status])
VALUES
    (@Person35, 'Dmitri', 'Volkov', 'Senior Network Architect', 'dmitri.volkov@nexussoftware.com', '(555) 445-7012', '1982-06-27', 'Male',
     'Designs enterprise network infrastructure for cloud-based applications.', 'Active');

-- 36. Priya Sharma - Human Resources Manager at TechBridge Consulting
INSERT INTO [__mj_BizAppsCommon].[Person]
    ([ID], [FirstName], [LastName], [Title], [Email], [Phone], [DateOfBirth], [Gender], [Bio], [Status])
VALUES
    (@Person36, 'Priya', 'Sharma', 'Human Resources Manager', 'priya.sharma@techbridge.com', '(555) 823-4567', '1986-10-14', 'Female',
     'Manages talent acquisition and employee development programs.', 'Active');

-- 37. Kenji Yamamoto - Quality Assurance Lead at Acme Technologies
INSERT INTO [__mj_BizAppsCommon].[Person]
    ([ID], [FirstName], [LastName], [Title], [Email], [Phone], [DateOfBirth], [Gender], [Bio], [Status])
VALUES
    (@Person37, 'Kenji', 'Yamamoto', 'Quality Assurance Lead', 'kenji.yamamoto@acmetech.com', '(555) 234-6789', '1983-01-09', 'Male',
     'Ensures product quality through comprehensive testing methodologies.', 'Active');

-- 38. Nadia Osman - Community Engagement Specialist at Riverside Community Foundation
INSERT INTO [__mj_BizAppsCommon].[Person]
    ([ID], [FirstName], [LastName], [Title], [Email], [Phone], [DateOfBirth], [Gender], [Bio], [Status])
VALUES
    (@Person38, 'Nadia', 'Osman', 'Community Engagement Specialist', 'nadia.osman@riversidecf.org', '(555) 789-3421', '1991-07-05', 'Female',
     'Builds partnerships with local organizations to strengthen community impact.', 'Active');

-- 39. Diego Santos Jr. - Financial Analyst at Pinnacle Financial Group
INSERT INTO [__mj_BizAppsCommon].[Person]
    ([ID], [FirstName], [LastName], [Suffix], [Title], [Email], [Phone], [DateOfBirth], [Gender], [Bio], [Status])
VALUES
    (@Person39, 'Diego', 'Santos', 'Jr.', 'Financial Analyst', 'diego.santos@pinnaclefinancial.com', '(555) 456-8120', '1993-03-28', 'Male',
     'Analyzes market trends and provides investment recommendations.', 'Active');

-- 40. Leila Hassan - Associate Professor at Pacific Northwest University (Prof.)
INSERT INTO [__mj_BizAppsCommon].[Person]
    ([ID], [Prefix], [FirstName], [LastName], [Title], [Email], [Phone], [DateOfBirth], [Gender], [Bio], [Status])
VALUES
    (@Person40, 'Prof.', 'Leila', 'Hassan', 'Associate Professor', 'leila.hassan@pnwu.edu', '(555) 678-2314', '1978-12-19', 'Female',
     'Teaches environmental science and conducts research on climate change mitigation.', 'Active');

-- 41. Marcus "Marc" Thompson - DevOps Engineer at Horizon Media Group
INSERT INTO [__mj_BizAppsCommon].[Person]
    ([ID], [FirstName], [PreferredName], [LastName], [Title], [Email], [Phone], [DateOfBirth], [Gender], [Bio], [Status])
VALUES
    (@Person41, 'Marcus', 'Marc', 'Thompson', 'DevOps Engineer', 'marcus.thompson@horizonmedia.com', '(555) 901-4567', '1989-05-07', 'Male',
     'Automates deployment pipelines and maintains cloud infrastructure.', 'Active');

-- 42. Anastasia Petrov - Customer Success Manager at Summit Healthcare (Inactive)
INSERT INTO [__mj_BizAppsCommon].[Person]
    ([ID], [FirstName], [LastName], [Title], [Email], [Phone], [DateOfBirth], [Gender], [Bio], [Status])
VALUES
    (@Person42, 'Anastasia', 'Petrov', 'Customer Success Manager', 'anastasia.petrov@summithealthcare.com', '(555) 345-7890', '1987-08-15', 'Female',
     'Ensures client satisfaction and drives product adoption for healthcare clients.', 'Inactive');

-- 43. Wei Zhang - Machine Learning Researcher at Blue Ridge Analytics (Dr.)
INSERT INTO [__mj_BizAppsCommon].[Person]
    ([ID], [Prefix], [FirstName], [LastName], [Title], [Email], [Phone], [DateOfBirth], [Gender], [Bio], [Status])
VALUES
    (@Person43, 'Dr.', 'Wei', 'Zhang', 'Machine Learning Researcher', 'wei.zhang@blueridgeanalytics.com', '(555) 567-1234', '1981-11-23', 'Male',
     'Develops advanced machine learning models for predictive analytics applications.', 'Active');

-- 44. Isabella Costa - Procurement Specialist at Cascade Manufacturing
INSERT INTO [__mj_BizAppsCommon].[Person]
    ([ID], [FirstName], [LastName], [Title], [Email], [Phone], [DateOfBirth], [Gender], [Bio], [Status])
VALUES
    (@Person44, 'Isabella', 'Costa', 'Procurement Specialist', 'isabella.costa@cascademfg.com', '(555) 712-8934', '1990-04-02', 'Female',
     'Manages supplier relationships and optimizes procurement processes.', 'Active');

-- 45. Omar Abdullah - Security Analyst at Metro City Government
INSERT INTO [__mj_BizAppsCommon].[Person]
    ([ID], [FirstName], [LastName], [Title], [Email], [Phone], [DateOfBirth], [Gender], [Bio], [Status])
VALUES
    (@Person45, 'Omar', 'Abdullah', 'Security Analyst', 'omar.abdullah@metrocity.gov', '(555) 890-2345', '1984-09-12', 'Male',
     'Monitors cybersecurity threats and implements security protocols for city systems.', 'Active');

-- 46. Aisha Kamara - Grant Writer at Riverside Community Foundation
INSERT INTO [__mj_BizAppsCommon].[Person]
    ([ID], [FirstName], [LastName], [Title], [Email], [Phone], [DateOfBirth], [Gender], [Bio], [Status])
VALUES
    (@Person46, 'Aisha', 'Kamara', 'Grant Writer', 'aisha.kamara@riversidecf.org', '(555) 234-5678', '1995-06-20', 'Female',
     'Develops grant proposals to secure funding for community development projects.', 'Active');

-- 47. Hiroshi Nakamura - Systems Administrator at DataFlow Systems LLC
INSERT INTO [__mj_BizAppsCommon].[Person]
    ([ID], [FirstName], [LastName], [Title], [Email], [Phone], [DateOfBirth], [Gender], [Bio], [Status])
VALUES
    (@Person47, 'Hiroshi', 'Nakamura', 'Systems Administrator', 'hiroshi.nakamura@dataflow.com', '(555) 678-9012', '1980-02-28', 'Male',
     'Maintains server infrastructure and ensures system reliability.', 'Active');

-- 48. Elena Popescu - Content Strategist at Horizon Media Group
INSERT INTO [__mj_BizAppsCommon].[Person]
    ([ID], [FirstName], [LastName], [Title], [Email], [Phone], [DateOfBirth], [Gender], [Bio], [Status])
VALUES
    (@Person48, 'Elena', 'Popescu', 'Content Strategist', 'elena.popescu@horizonmedia.com', '(555) 456-7823', '1992-10-11', 'Female',
     'Develops content strategies for digital marketing campaigns.', 'Active');

-- 49. Mateo Vargas - Industrial Engineer at Cascade Manufacturing
INSERT INTO [__mj_BizAppsCommon].[Person]
    ([ID], [FirstName], [LastName], [Title], [Email], [Phone], [DateOfBirth], [Gender], [Bio], [Status])
VALUES
    (@Person49, 'Mateo', 'Vargas', 'Industrial Engineer', 'mateo.vargas@cascademfg.com', '(555) 123-6789', '1986-01-17', 'Male',
     'Optimizes manufacturing processes to improve efficiency and reduce waste.', 'Active');

-- 50. Lakshmi Reddy - Vice President of Finance at Pinnacle Financial Group
INSERT INTO [__mj_BizAppsCommon].[Person]
    ([ID], [FirstName], [LastName], [Title], [Email], [Phone], [DateOfBirth], [Gender], [Bio], [Status])
VALUES
    (@Person50, 'Lakshmi', 'Reddy', 'Vice President of Finance', 'lakshmi.reddy@pinnaclefinancial.com', '(555) 789-4512', '1974-07-09', 'Female',
     'Oversees financial planning and risk management strategies.', 'Active');

-- 51. Andre Baptiste - Policy Analyst at Metro City Government
INSERT INTO [__mj_BizAppsCommon].[Person]
    ([ID], [FirstName], [LastName], [Title], [Email], [Phone], [DateOfBirth], [Gender], [Bio], [Status])
VALUES
    (@Person51, 'Andre', 'Baptiste', 'Policy Analyst', 'andre.baptiste@metrocity.gov', '(555) 234-8901', '1988-11-25', 'Male',
     'Researches and develops public policy recommendations for city leadership.', 'Active');

-- 52. Soo-Jin Park - Business Intelligence Developer at Blue Ridge Analytics
INSERT INTO [__mj_BizAppsCommon].[Person]
    ([ID], [FirstName], [LastName], [Title], [Email], [Phone], [DateOfBirth], [Gender], [Bio], [Status])
VALUES
    (@Person52, 'Soo-Jin', 'Park', 'Business Intelligence Developer', 'soojin.park@blueridgeanalytics.com', '(555) 890-3456', '1991-03-14', 'Non-binary',
     'Builds data visualization dashboards and reporting solutions.', 'Active');

-- 53. Tariq Mansour - Senior Consultant at TechBridge Consulting
INSERT INTO [__mj_BizAppsCommon].[Person]
    ([ID], [FirstName], [LastName], [Title], [Email], [Phone], [DateOfBirth], [Gender], [Bio], [Status])
VALUES
    (@Person53, 'Tariq', 'Mansour', 'Senior Consultant', 'tariq.mansour@techbridge.com', '(555) 567-2341', '1976-12-08', 'Male',
     'Provides strategic technology consulting for enterprise clients.', 'Active');

-- 54. Ingrid Johansson - Sustainability Coordinator at Green Energy Coalition
INSERT INTO [__mj_BizAppsCommon].[Person]
    ([ID], [FirstName], [LastName], [Title], [Email], [Phone], [DateOfBirth], [Gender], [Bio], [Status])
VALUES
    (@Person54, 'Ingrid', 'Johansson', 'Sustainability Coordinator', 'ingrid.johansson@greenenergy.org', '(555) 678-3412', '1989-09-03', 'Female',
     'Coordinates environmental sustainability programs and community partnerships.', 'Active');

-- 55. Francisco "Frank" Reyes - Database Administrator at Summit Healthcare
INSERT INTO [__mj_BizAppsCommon].[Person]
    ([ID], [FirstName], [PreferredName], [LastName], [Title], [Email], [Phone], [DateOfBirth], [Gender], [Bio], [Status])
VALUES
    (@Person55, 'Francisco', 'Frank', 'Reyes', 'Database Administrator', 'francisco.reyes@summithealthcare.com', '(555) 345-6712', '1983-05-21', 'Male',
     'Manages healthcare database systems and ensures data integrity.', 'Active');

-- 56. Chioma Nwosu - Training and Development Manager at Innovation Labs Corp
INSERT INTO [__mj_BizAppsCommon].[Person]
    ([ID], [FirstName], [LastName], [Title], [Email], [Phone], [DateOfBirth], [Gender], [Bio], [Status])
VALUES
    (@Person56, 'Chioma', 'Nwosu', 'Training and Development Manager', 'chioma.nwosu@innovationlabs.com', '(555) 912-4567', '1987-08-06', 'Female',
     'Designs and delivers employee training programs focused on innovation.', 'Active');

-- 57. Nikolai Ivanov - Chief Information Security Officer at Nexus Software Solutions (Inactive)
INSERT INTO [__mj_BizAppsCommon].[Person]
    ([ID], [FirstName], [LastName], [Title], [Email], [Phone], [DateOfBirth], [Gender], [Bio], [Status])
VALUES
    (@Person57, 'Nikolai', 'Ivanov', 'Chief Information Security Officer', 'nikolai.ivanov@nexussoftware.com', '(555) 123-7890', '1972-04-15', 'Male',
     'Leads cybersecurity strategy and protects organizational digital assets.', 'Inactive');

-- 58. Yasmin Khan - Research Assistant at Pacific Northwest University
INSERT INTO [__mj_BizAppsCommon].[Person]
    ([ID], [FirstName], [LastName], [Title], [Email], [Phone], [DateOfBirth], [Gender], [Bio], [Status])
VALUES
    (@Person58, 'Yasmin', 'Khan', 'Research Assistant', 'yasmin.khan@pnwu.edu', '(555) 567-8234', '1996-02-19', 'Female',
     'Supports academic research projects in environmental studies.', 'Active');

-- 59. Takeshi Suzuki - Frontend Developer at Horizon Media Group
INSERT INTO [__mj_BizAppsCommon].[Person]
    ([ID], [FirstName], [LastName], [Title], [Email], [Phone], [DateOfBirth], [Gender], [Bio], [Status])
VALUES
    (@Person59, 'Takeshi', 'Suzuki', 'Frontend Developer', 'takeshi.suzuki@horizonmedia.com', '(555) 789-5623', '1994-06-12', 'Male',
     'Develops responsive web applications using modern JavaScript frameworks.', 'Active');

-- 60. Gabriela Silva - Compliance Officer at Pinnacle Financial Group
INSERT INTO [__mj_BizAppsCommon].[Person]
    ([ID], [FirstName], [LastName], [Title], [Email], [Phone], [DateOfBirth], [Gender], [Bio], [Status])
VALUES
    (@Person60, 'Gabriela', 'Silva', 'Compliance Officer', 'gabriela.silva@pinnaclefinancial.com', '(555) 234-6123', '1985-10-30', 'Female',
     'Ensures regulatory compliance and monitors adherence to financial regulations.', 'Active');

-- 61. Mohammed Al-Jabr - Solutions Architect at DataFlow Systems LLC
INSERT INTO [__mj_BizAppsCommon].[Person]
    ([ID], [FirstName], [LastName], [Title], [Email], [Phone], [DateOfBirth], [Gender], [Bio], [Status])
VALUES
    (@Person61, 'Mohammed', 'Al-Jabr', 'Solutions Architect', 'mohammed.aljabr@dataflow.com', '(555) 678-4512', '1979-01-26', 'Male',
     'Designs enterprise-scale data architecture and integration solutions.', 'Active');

-- 62. Katerina Novak - Project Manager at Cascade Manufacturing
INSERT INTO [__mj_BizAppsCommon].[Person]
    ([ID], [FirstName], [LastName], [Title], [Email], [Phone], [DateOfBirth], [Gender], [Bio], [Status])
VALUES
    (@Person62, 'Katerina', 'Novak', 'Project Manager', 'katerina.novak@cascademfg.com', '(555) 890-7234', '1990-07-18', 'Female',
     'Manages cross-functional teams to deliver manufacturing projects on time.', 'Active');

-- 63. Javier Morales III - Budget Director at Metro City Government (Inactive)
INSERT INTO [__mj_BizAppsCommon].[Person]
    ([ID], [FirstName], [LastName], [Suffix], [Title], [Email], [Phone], [DateOfBirth], [Gender], [Bio], [Status])
VALUES
    (@Person63, 'Javier', 'Morales', 'III', 'Budget Director', 'javier.morales@metrocity.gov', '(555) 456-8345', '1968-11-04', 'Male',
     'Oversees municipal budget planning and fiscal management.', 'Inactive');

-- 64. Anika Gupta - Clinical Informatics Specialist at Summit Healthcare (Dr.)
INSERT INTO [__mj_BizAppsCommon].[Person]
    ([ID], [Prefix], [FirstName], [LastName], [Title], [Email], [Phone], [DateOfBirth], [Gender], [Bio], [Status])
VALUES
    (@Person64, 'Dr.', 'Anika', 'Gupta', 'Clinical Informatics Specialist', 'anika.gupta@summithealthcare.com', '(555) 123-5678', '1982-03-09', 'Female',
     'Bridges clinical practice and health IT to improve patient outcomes.', 'Active');

-- 65. Kwame Mensah - Standards Compliance Analyst at Global Standards Alliance
INSERT INTO [__mj_BizAppsCommon].[Person]
    ([ID], [FirstName], [LastName], [Title], [Email], [Phone], [DateOfBirth], [Gender], [Bio], [Status])
VALUES
    (@Person65, 'Kwame', 'Mensah', 'Standards Compliance Analyst', 'kwame.mensah@globalstandards.org', '(555) 567-9234', '1993-12-15', 'Male',
     'Evaluates industry compliance with international standards and regulations.', 'Active');

-- 66. Valentina Romano - Creative Director at Horizon Media Group
INSERT INTO [__mj_BizAppsCommon].[Person]
    ([ID], [FirstName], [LastName], [Title], [Email], [Phone], [DateOfBirth], [Gender], [Bio], [Status])
VALUES
    (@Person66, 'Valentina', 'Romano', 'Creative Director', 'valentina.romano@horizonmedia.com', '(555) 789-6234', '1980-05-23', 'Female',
     'Leads creative vision for multimedia campaigns and brand development.', 'Active');

-- 67. Sandeep Kumar - Supply Chain Analyst at Cascade Manufacturing
INSERT INTO [__mj_BizAppsCommon].[Person]
    ([ID], [FirstName], [LastName], [Title], [Email], [Phone], [DateOfBirth], [Gender], [Bio], [Status])
VALUES
    (@Person67, 'Sandeep', 'Kumar', 'Supply Chain Analyst', 'sandeep.kumar@cascademfg.com', '(555) 345-7812', '1991-08-27', 'Male',
     'Analyzes supply chain data to identify cost savings and efficiency improvements.', 'Active');

-- 68. Ling "Lily" Wu - Innovation Strategist at Innovation Labs Corp
INSERT INTO [__mj_BizAppsCommon].[Person]
    ([ID], [FirstName], [PreferredName], [LastName], [Title], [Email], [Phone], [DateOfBirth], [Gender], [Bio], [Status])
VALUES
    (@Person68, 'Ling', 'Lily', 'Wu', 'Innovation Strategist', 'ling.wu@innovationlabs.com', '(555) 912-6734', '1986-11-13', 'Non-binary',
     'Identifies emerging technologies and drives innovation initiatives.', 'Active');

-- 69. Rafael Diaz - Environmental Policy Advisor at Green Energy Coalition
INSERT INTO [__mj_BizAppsCommon].[Person]
    ([ID], [FirstName], [LastName], [Title], [Email], [Phone], [DateOfBirth], [Gender], [Bio], [Status])
VALUES
    (@Person69, 'Rafael', 'Diaz', 'Environmental Policy Advisor', 'rafael.diaz@greenenergy.org', '(555) 234-8567', '1977-04-06', 'Male',
     'Advises on environmental policy development and renewable energy legislation.', 'Active');

-- 70. Zara Ahmed - Talent Acquisition Specialist at TechBridge Consulting
INSERT INTO [__mj_BizAppsCommon].[Person]
    ([ID], [FirstName], [LastName], [Title], [Email], [Phone], [DateOfBirth], [Gender], [Bio], [Status])
VALUES
    (@Person70, 'Zara', 'Ahmed', 'Talent Acquisition Specialist', 'zara.ahmed@techbridge.com', '(555) 678-9345', '1995-09-21', 'Female',
     'Recruits top technology talent for consulting engagements.', 'Active');

-- 71. Antoine Dubois - Enterprise Account Executive at Acme Technologies
INSERT INTO [__mj_BizAppsCommon].[Person]
    ([ID], [FirstName], [LastName], [Title], [Email], [Phone], [DateOfBirth], [Gender], [Bio], [Status])
VALUES
    (@Person71, 'Antoine', 'Dubois', 'Enterprise Account Executive', 'antoine.dubois@acmetech.com', '(555) 456-2389', '1984-02-14', 'Male',
     'Manages enterprise client relationships and drives new business growth.', 'Active');

-- 72. Keisha Williams - Community Programs Director at Riverside Community Foundation
INSERT INTO [__mj_BizAppsCommon].[Person]
    ([ID], [FirstName], [LastName], [Title], [Email], [Phone], [DateOfBirth], [Gender], [Bio], [Status])
VALUES
    (@Person72, 'Keisha', 'Williams', 'Community Programs Director', 'keisha.williams@riversidecf.org', '(555) 890-5612', '1981-06-29', 'Female',
     'Develops and oversees community development programs and social initiatives.', 'Active');

-- 73. Alessandro Greco - Investment Analyst at Pinnacle Financial Group
INSERT INTO [__mj_BizAppsCommon].[Person]
    ([ID], [FirstName], [LastName], [Title], [Email], [Phone], [DateOfBirth], [Gender], [Bio], [Status])
VALUES
    (@Person73, 'Alessandro', 'Greco', 'Investment Analyst', 'alessandro.greco@pinnaclefinancial.com', '(555) 123-4589', '1997-01-11', 'Male',
     'Conducts investment research and portfolio analysis for institutional clients.', 'Active');

-- 74. Sumitra Patel - Adjunct Professor at Pacific Northwest University (Prof.)
INSERT INTO [__mj_BizAppsCommon].[Person]
    ([ID], [Prefix], [FirstName], [LastName], [Title], [Email], [Phone], [DateOfBirth], [Gender], [Bio], [Status])
VALUES
    (@Person74, 'Prof.', 'Sumitra', 'Patel', 'Adjunct Professor', 'sumitra.patel@pnwu.edu', '(555) 567-3489', '1958-10-07', 'Female',
     'Teaches computer science courses with a focus on artificial intelligence.', 'Active');

-- 75. Jin-Soo Lee - Platform Engineer at Blue Ridge Analytics
INSERT INTO [__mj_BizAppsCommon].[Person]
    ([ID], [FirstName], [LastName], [Title], [Email], [Phone], [DateOfBirth], [Gender], [Bio], [Status])
VALUES
    (@Person75, 'Jin-Soo', 'Lee', 'Platform Engineer', 'jinsoo.lee@blueridgeanalytics.com', '(555) 789-2456', '1992-12-22', 'Male',
     'Builds and maintains data platform infrastructure for analytics workloads.', 'Active');

PRINT '   Person: 75 records inserted';


-- ============================================================================
-- SECTION 6: Organizations (10 records)
-- ============================================================================
PRINT '--- Inserting Organization records ---';

-- Declare all Organization GUIDs
DECLARE @Org1  UNIQUEIDENTIFIER = '8158CC8C-2FF0-473F-9AAF-119D702ADCDB';  -- Acme Technologies Inc.
DECLARE @Org2  UNIQUEIDENTIFIER = 'BC3C3A3F-EDFC-4A79-ABE9-B6E6D506F31B';  -- Nexus Software Solutions
DECLARE @Org3  UNIQUEIDENTIFIER = '7548A113-059D-4C97-B3CB-D4446FDEBDFB';  -- Global Standards Alliance
DECLARE @Org4  UNIQUEIDENTIFIER = 'B0619A89-797B-4598-94EB-C405019963F4';  -- Riverside Community Foundation
DECLARE @Org5  UNIQUEIDENTIFIER = '37621AF5-F276-4272-BB20-4EA584D95E69';  -- Pacific Northwest University
DECLARE @Org6  UNIQUEIDENTIFIER = 'A13054E4-3A52-4943-8986-0CD0D853937D';  -- Metro City Government
DECLARE @Org7  UNIQUEIDENTIFIER = '124FA4CA-9E04-4934-BEB1-4E882D0C9CF9';  -- TechBridge Consulting
DECLARE @Org8  UNIQUEIDENTIFIER = 'EB84A7CA-CDAA-4A21-8C1F-770658CC660C';  -- Green Energy Coalition
DECLARE @Org9  UNIQUEIDENTIFIER = 'A4C843B1-C8E8-427A-8408-040F0627D835';  -- Innovation Labs Corp (subsidiary of Acme)
DECLARE @Org10 UNIQUEIDENTIFIER = 'B1BA9DB7-EAB1-4B45-9B39-E3989F645299';  -- DataFlow Systems LLC
DECLARE @Org11 UNIQUEIDENTIFIER = 'D9400969-6B16-45D0-A243-E8F14C3DAC90';  -- Summit Healthcare
DECLARE @Org12 UNIQUEIDENTIFIER = 'AC99AF57-D3B1-41C8-8DD1-CFCDC938C1CC';  -- Pinnacle Financial Group
DECLARE @Org13 UNIQUEIDENTIFIER = '5D8FA495-B8FB-4D10-8F4C-24BFCD676A16';  -- Blue Ridge Analytics
DECLARE @Org14 UNIQUEIDENTIFIER = 'A19E8D8B-EFD7-48A1-AEC1-FA60E144C8C8';  -- Cascade Manufacturing
DECLARE @Org15 UNIQUEIDENTIFIER = '90F276D8-7336-4E17-8F2D-55FD1A0360EB';  -- Horizon Media Group
DECLARE @Org16 UNIQUEIDENTIFIER = 'FC79C46F-268D-4518-B546-094A7B4AE95B';  -- Evergreen Legal Partners
DECLARE @Org17 UNIQUEIDENTIFIER = 'CB3BC6D3-0994-44BF-93E8-94BEEF79DDD2';  -- Capital City Hospital
DECLARE @Org18 UNIQUEIDENTIFIER = '5BCFD727-F7FA-43C6-8CE0-ABDBB71E580D';  -- Midwest Agricultural Association
DECLARE @Org19 UNIQUEIDENTIFIER = '81C174D0-A97B-4CBC-9CB2-4A7C37DD1A2D';  -- Silverline Construction Group
DECLARE @Org20 UNIQUEIDENTIFIER = '9A911E74-98E0-477F-AAB3-928D0A669B26';  -- Quantum Biotech Inc.
DECLARE @Org21 UNIQUEIDENTIFIER = '22CE8ECC-2427-4A7E-A54B-43AD3AB6D154';  -- Heritage Museum Foundation
DECLARE @Org22 UNIQUEIDENTIFIER = '1528A034-17CD-404D-BA4B-279B672BAA2C';  -- State Department of Transportation
DECLARE @Org23 UNIQUEIDENTIFIER = '69834490-A8EB-48C9-8DED-B761B34B8EB8';  -- Apex Retail Corporation
DECLARE @Org24 UNIQUEIDENTIFIER = 'E86B2972-3853-4EF7-915A-1CE27D0B3DEE';  -- Mountain View Community College
DECLARE @Org25 UNIQUEIDENTIFIER = 'A511BA9A-700C-4315-BE5D-7EDE652D0E6A';  -- Unity Faith Center
DECLARE @Org26 UNIQUEIDENTIFIER = 'D9C6F8AE-AD69-42B1-ACC3-32611F08DF03';  -- Coastal Logistics Systems
DECLARE @Org27 UNIQUEIDENTIFIER = '3D839E23-C6EC-462E-AB6C-09A1FC40B9EE';  -- National Bar Association
DECLARE @Org28 UNIQUEIDENTIFIER = '0B4EF04E-9D03-48D9-A4AD-9065B72EC196';  -- Frontier Energy Solutions
DECLARE @Org29 UNIQUEIDENTIFIER = '8A95E4E2-B2C2-494D-A9D3-BA37F5B7AC0C';  -- Artisan Foods Collective
DECLARE @Org30 UNIQUEIDENTIFIER = '540B853C-1A13-4DCE-B2B1-631F7F267E08';  -- Regional Housing Authority
DECLARE @Org31 UNIQUEIDENTIFIER = '1DE7B9E5-E515-443D-80CA-71C530724385';  -- Velocity Marketing Group
DECLARE @Org32 UNIQUEIDENTIFIER = 'DCB0BEE2-13B0-43D9-9A82-C9F3A5265B58';  -- Physicians for Global Health
DECLARE @Org33 UNIQUEIDENTIFIER = 'A1D6B481-1189-4DD7-BF3B-43A0CDE61F88';  -- Urban Development Institute
DECLARE @Org34 UNIQUEIDENTIFIER = 'E8CA39E9-5760-4708-A7B3-63AE6D5A6A5A';  -- Prestige Hospitality Group
DECLARE @Org35 UNIQUEIDENTIFIER = '77EF2F76-A54A-40D5-8A5B-FF78A0DF2C43';  -- Redwood Research Labs
DECLARE @Org36 UNIQUEIDENTIFIER = '060993A9-F4D0-44C8-9DE1-F8DA774DAB51';  -- Alliance Healthcare Partners
DECLARE @Org37 UNIQUEIDENTIFIER = 'AF3A95D1-D135-4CAA-B658-23C4D4E30AF2';  -- Metropolitan Transit Commission
DECLARE @Org38 UNIQUEIDENTIFIER = 'C301B588-5075-46FF-91F3-F6C510B887AB';  -- Precision Engineering Corp.
DECLARE @Org39 UNIQUEIDENTIFIER = '6E0B5620-8271-4386-BD32-3398F63DEF67';  -- Lakeside Properties LLC
DECLARE @Org40 UNIQUEIDENTIFIER = 'E5CBAE5E-41A2-467C-B2B4-1B9A9AB0B475';  -- Digital Frontier Technologies

-- Resolve OrganizationType IDs
DECLARE @OrgType_Company          UNIQUEIDENTIFIER;
DECLARE @OrgType_NonProfit        UNIQUEIDENTIFIER;
DECLARE @OrgType_Association      UNIQUEIDENTIFIER;
DECLARE @OrgType_Government       UNIQUEIDENTIFIER;
DECLARE @OrgType_Educational      UNIQUEIDENTIFIER;

SELECT @OrgType_Company     = [ID] FROM [__mj_BizAppsCommon].[OrganizationType] WHERE [Name] = 'Company';
SELECT @OrgType_NonProfit   = [ID] FROM [__mj_BizAppsCommon].[OrganizationType] WHERE [Name] = 'Non-Profit';
SELECT @OrgType_Association = [ID] FROM [__mj_BizAppsCommon].[OrganizationType] WHERE [Name] = 'Association';
SELECT @OrgType_Government  = [ID] FROM [__mj_BizAppsCommon].[OrganizationType] WHERE [Name] = 'Government';
SELECT @OrgType_Educational = [ID] FROM [__mj_BizAppsCommon].[OrganizationType] WHERE [Name] = 'Educational Institution';

DECLARE @OrgType_Religious UNIQUEIDENTIFIER;
SELECT @OrgType_Religious  = [ID] FROM [__mj_BizAppsCommon].[OrganizationType] WHERE [Name] = 'Religious Organization';

-- 1. Acme Technologies Inc.
INSERT INTO [__mj_BizAppsCommon].[Organization]
    ([ID], [Name], [LegalName], [OrganizationTypeID], [Website], [Description], [Email], [Phone], [FoundedDate], [TaxID], [Status])
VALUES
    (@Org1, 'Acme Technologies', 'Acme Technologies Inc.', @OrgType_Company,
     'https://www.acmetech.com', 'A leading enterprise software company specializing in cloud-native business applications and data integration platforms.',
     'info@acmetech.com', '(555) 100-0000', '2005-03-01', '12-3456789', 'Active');

-- 2. Nexus Software Solutions
INSERT INTO [__mj_BizAppsCommon].[Organization]
    ([ID], [Name], [LegalName], [OrganizationTypeID], [Website], [Description], [Email], [Phone], [FoundedDate], [Status])
VALUES
    (@Org2, 'Nexus Software Solutions', 'Nexus Software Solutions LLC', @OrgType_Company,
     'https://www.nexussoftware.com', 'Software solutions provider focused on DevOps tooling and developer productivity platforms for mid-market enterprises.',
     'info@nexussoftware.com', '(555) 200-0000', '2010-06-15', 'Active');

-- 3. Global Standards Alliance
INSERT INTO [__mj_BizAppsCommon].[Organization]
    ([ID], [Name], [LegalName], [OrganizationTypeID], [Website], [Description], [Email], [Phone], [FoundedDate], [Status])
VALUES
    (@Org3, 'Global Standards Alliance', 'Global Standards Alliance Inc.', @OrgType_Association,
     'https://www.globalstandards.org', 'International association dedicated to developing and promoting technology interoperability standards across industries.',
     'contact@globalstandards.org', '(555) 300-0000', '1998-01-10', 'Active');

-- 4. Riverside Community Foundation
INSERT INTO [__mj_BizAppsCommon].[Organization]
    ([ID], [Name], [LegalName], [OrganizationTypeID], [Website], [Description], [Email], [Phone], [FoundedDate], [Status])
VALUES
    (@Org4, 'Riverside Community Foundation', 'Riverside Community Foundation', @OrgType_NonProfit,
     'https://www.riverside.org', 'Community foundation supporting education, healthcare, and economic development initiatives in the Riverside metropolitan area.',
     'hello@riverside.org', '(555) 350-0000', '2001-09-20', 'Active');

-- 5. Pacific Northwest University
INSERT INTO [__mj_BizAppsCommon].[Organization]
    ([ID], [Name], [LegalName], [OrganizationTypeID], [Website], [Description], [Email], [Phone], [FoundedDate], [Status])
VALUES
    (@Org5, 'Pacific Northwest University', 'Pacific Northwest University', @OrgType_Educational,
     'https://www.pnwu.edu', 'Research university offering undergraduate and graduate programs in science, engineering, liberal arts, and business.',
     'admissions@pnwu.edu', '(555) 500-0000', '1952-08-01', 'Active');

-- 6. Metro City Government
INSERT INTO [__mj_BizAppsCommon].[Organization]
    ([ID], [Name], [LegalName], [OrganizationTypeID], [Website], [Description], [Email], [Phone], [FoundedDate], [Status])
VALUES
    (@Org6, 'Metro City Government', 'City of Metro City', @OrgType_Government,
     'https://www.metrocity.gov', 'Municipal government providing public services, infrastructure, and governance for the Metro City metropolitan area.',
     'info@metrocity.gov', '(555) 600-0000', '1890-04-12', 'Active');

-- 7. TechBridge Consulting
INSERT INTO [__mj_BizAppsCommon].[Organization]
    ([ID], [Name], [LegalName], [OrganizationTypeID], [Website], [Description], [Email], [Phone], [FoundedDate], [Status])
VALUES
    (@Org7, 'TechBridge Consulting', 'TechBridge Consulting LLC', @OrgType_Company,
     'https://www.techbridge.com', 'Boutique technology consulting firm specializing in digital transformation, system integration, and IT strategy for growing businesses.',
     'hello@techbridge.com', '(555) 600-1000', '2015-02-14', 'Active');

-- 8. Green Energy Coalition
INSERT INTO [__mj_BizAppsCommon].[Organization]
    ([ID], [Name], [LegalName], [OrganizationTypeID], [Website], [Description], [Email], [Phone], [FoundedDate], [Status])
VALUES
    (@Org8, 'Green Energy Coalition', 'Green Energy Coalition', @OrgType_NonProfit,
     'https://www.greencoalition.org', 'Non-profit coalition advocating for renewable energy adoption, sustainability policy, and environmental education.',
     'info@greencoalition.org', '(555) 900-0000', '2012-04-22', 'Active');

-- 9. Innovation Labs Corp (subsidiary of Acme Technologies)
INSERT INTO [__mj_BizAppsCommon].[Organization]
    ([ID], [Name], [LegalName], [OrganizationTypeID], [ParentID], [Website], [Description], [Email], [Phone], [FoundedDate], [Status])
VALUES
    (@Org9, 'Innovation Labs', 'Innovation Labs Corp', @OrgType_Company, @Org1,
     'https://www.innovationlabs.com', 'R&D subsidiary of Acme Technologies focused on emerging technologies including AI, machine learning, and advanced analytics.',
     'info@innovationlabs.com', '(555) 700-0000', '2018-07-01', 'Active');

-- 10. DataFlow Systems LLC
INSERT INTO [__mj_BizAppsCommon].[Organization]
    ([ID], [Name], [LegalName], [OrganizationTypeID], [Website], [Description], [Email], [Phone], [FoundedDate], [Status])
VALUES
    (@Org10, 'DataFlow Systems', 'DataFlow Systems LLC', @OrgType_Company,
     'https://www.dataflow.com', 'Data integration and ETL platform provider helping enterprises unify data across cloud and on-premise environments.',
     'sales@dataflow.com', '(555) 800-0000', '2016-11-01', 'Active');

-- 11. Summit Healthcare
INSERT INTO [__mj_BizAppsCommon].[Organization]
    ([ID], [Name], [LegalName], [OrganizationTypeID], [Website], [Description], [Email], [Phone], [FoundedDate], [TaxID], [Status])
VALUES
    (@Org11, 'Summit Healthcare', 'Summit Healthcare Systems Inc.', @OrgType_Company,
     'https://www.summithealthcare.com', 'Regional healthcare provider offering comprehensive medical services across multiple facilities.',
     'info@summithealthcare.com', '(555) 234-5678', '1985-03-15', '45-2347890', 'Active');

-- 12. Pinnacle Financial Group
INSERT INTO [__mj_BizAppsCommon].[Organization]
    ([ID], [Name], [LegalName], [OrganizationTypeID], [Website], [Description], [Email], [Phone], [FoundedDate], [Status])
VALUES
    (@Org12, 'Pinnacle Financial Group', 'Pinnacle Financial Group LLC', @OrgType_Company,
     'https://www.pinnaclefinancial.com', 'Full-service investment and wealth management firm serving high-net-worth individuals and institutions.',
     'contact@pinnaclefinancial.com', '(555) 345-6789', '1992-07-22', 'Active');

-- 13. Blue Ridge Analytics
INSERT INTO [__mj_BizAppsCommon].[Organization]
    ([ID], [Name], [LegalName], [OrganizationTypeID], [Website], [Description], [Email], [Phone], [FoundedDate], [TaxID], [Status])
VALUES
    (@Org13, 'Blue Ridge Analytics', 'Blue Ridge Analytics Corporation', @OrgType_Company,
     'https://www.blueridgeanalytics.com', 'Data analytics and business intelligence consultancy specializing in predictive modeling and AI solutions.',
     'hello@blueridgeanalytics.com', '(555) 456-7890', '2008-11-03', '87-9876543', 'Active');

-- 14. Cascade Manufacturing
INSERT INTO [__mj_BizAppsCommon].[Organization]
    ([ID], [Name], [LegalName], [OrganizationTypeID], [Website], [Description], [Email], [Phone], [FoundedDate], [Status])
VALUES
    (@Org14, 'Cascade Manufacturing', 'Cascade Manufacturing Industries Inc.', @OrgType_Company,
     'https://www.cascademfg.com', 'Industrial equipment manufacturer specializing in precision machining and aerospace components.',
     'sales@cascademfg.com', '(555) 567-8901', '1978-06-10', 'Active');

-- 15. Horizon Media Group
INSERT INTO [__mj_BizAppsCommon].[Organization]
    ([ID], [Name], [LegalName], [OrganizationTypeID], [Website], [Description], [Email], [Phone], [FoundedDate], [TaxID], [Status])
VALUES
    (@Org15, 'Horizon Media Group', 'Horizon Media Holdings LLC', @OrgType_Company,
     'https://www.horizonmediagroup.com', 'Digital media company operating news websites, podcasts, and video streaming platforms.',
     'contact@horizonmediagroup.com', '(555) 678-9012', '2001-02-14', '23-4567891', 'Active');

-- 16. Evergreen Legal Partners
INSERT INTO [__mj_BizAppsCommon].[Organization]
    ([ID], [Name], [LegalName], [OrganizationTypeID], [Website], [Description], [Email], [Phone], [FoundedDate], [Status])
VALUES
    (@Org16, 'Evergreen Legal Partners', 'Evergreen Legal Partners LLP', @OrgType_Company,
     'https://www.evergreenlegal.com', 'Full-service law firm providing corporate, litigation, and intellectual property legal services.',
     'info@evergreenlegal.com', '(555) 789-0123', '1995-09-08', 'Active');

-- 17. Capital City Hospital
INSERT INTO [__mj_BizAppsCommon].[Organization]
    ([ID], [Name], [LegalName], [OrganizationTypeID], [Website], [Description], [Email], [Phone], [FoundedDate], [Status])
VALUES
    (@Org17, 'Capital City Hospital', 'Capital City Hospital Foundation', @OrgType_NonProfit,
     'https://www.capitalcityhospital.org', 'Non-profit acute care hospital serving the metropolitan area with 500+ beds and specialized treatment centers.',
     'info@capitalcityhospital.org', '(555) 890-1234', '1962-04-20', 'Active');

-- 18. Midwest Agricultural Association
INSERT INTO [__mj_BizAppsCommon].[Organization]
    ([ID], [Name], [LegalName], [OrganizationTypeID], [Website], [Description], [Email], [Phone], [FoundedDate], [TaxID], [Status])
VALUES
    (@Org18, 'Midwest Agricultural Association', 'Midwest Agricultural Association', @OrgType_Association,
     'https://www.midwestagriculture.org', 'Professional association representing farmers, ranchers, and agricultural businesses across the Midwest region.',
     'contact@midwestagriculture.org', '(555) 901-2345', '1947-01-12', '34-5678912', 'Active');

-- 19. Silverline Construction Group
INSERT INTO [__mj_BizAppsCommon].[Organization]
    ([ID], [Name], [LegalName], [OrganizationTypeID], [Website], [Description], [Email], [Phone], [FoundedDate], [Status])
VALUES
    (@Org19, 'Silverline Construction Group', 'Silverline Construction Group Inc.', @OrgType_Company,
     'https://www.silverlineconstruction.com', 'Commercial construction and general contracting firm specializing in large-scale infrastructure projects.',
     'info@silverlineconstruction.com', '(555) 012-3456', '1989-05-30', 'Active');

-- 20. Quantum Biotech Inc.
INSERT INTO [__mj_BizAppsCommon].[Organization]
    ([ID], [Name], [LegalName], [OrganizationTypeID], [Website], [Description], [Email], [Phone], [FoundedDate], [TaxID], [Status])
VALUES
    (@Org20, 'Quantum Biotech', 'Quantum Biotech Incorporated', @OrgType_Company,
     'https://www.quantumbiotech.com', 'Biotechnology research company focused on developing innovative therapeutics for rare diseases.',
     'research@quantumbiotech.com', '(555) 123-4567', '2012-08-17', '56-7891234', 'Active');

-- 21. Heritage Museum Foundation
INSERT INTO [__mj_BizAppsCommon].[Organization]
    ([ID], [Name], [LegalName], [OrganizationTypeID], [Website], [Description], [Email], [Phone], [FoundedDate], [Status])
VALUES
    (@Org21, 'Heritage Museum Foundation', 'Heritage Museum Foundation', @OrgType_NonProfit,
     'https://www.heritagemuseum.org', 'Non-profit cultural institution preserving and exhibiting regional history and art collections.',
     'info@heritagemuseum.org', '(555) 234-5670', '1928-10-05', 'Active');

-- 22. State Department of Transportation
INSERT INTO [__mj_BizAppsCommon].[Organization]
    ([ID], [Name], [LegalName], [OrganizationTypeID], [Website], [Description], [Email], [Phone], [FoundedDate], [Status])
VALUES
    (@Org22, 'State Department of Transportation', 'State Department of Transportation', @OrgType_Government,
     'https://www.statedot.gov', 'State government agency responsible for planning, constructing, and maintaining transportation infrastructure.',
     'info@statedot.gov', '(555) 345-6701', '1955-07-01', 'Active');

-- 23. Apex Retail Corporation (subsidiary of Acme Technologies)
INSERT INTO [__mj_BizAppsCommon].[Organization]
    ([ID], [Name], [LegalName], [OrganizationTypeID], [ParentID], [Website], [Description], [Email], [Phone], [FoundedDate], [Status])
VALUES
    (@Org23, 'Apex Retail Corporation', 'Apex Retail Corporation', @OrgType_Company, @Org1,
     'https://www.apexretail.com', 'E-commerce platform subsidiary of Acme Technologies offering enterprise retail solutions.',
     'info@apexretail.com', '(555) 456-7012', '2015-03-22', 'Active');

-- 24. Mountain View Community College
INSERT INTO [__mj_BizAppsCommon].[Organization]
    ([ID], [Name], [LegalName], [OrganizationTypeID], [Website], [Description], [Email], [Phone], [FoundedDate], [TaxID], [Status])
VALUES
    (@Org24, 'Mountain View Community College', 'Mountain View Community College District', @OrgType_Educational,
     'https://www.mvcc.edu', 'Public two-year college offering associate degrees, certificates, and workforce training programs.',
     'admissions@mvcc.edu', '(555) 567-0123', '1972-09-01', '78-9123456', 'Active');

-- 25. Unity Faith Center
INSERT INTO [__mj_BizAppsCommon].[Organization]
    ([ID], [Name], [LegalName], [OrganizationTypeID], [Website], [Description], [Email], [Phone], [FoundedDate], [Status])
VALUES
    (@Org25, 'Unity Faith Center', 'Unity Faith Center', @OrgType_Religious,
     'https://www.unityfaithcenter.org', 'Interfaith religious organization providing worship services, community outreach, and spiritual education.',
     'contact@unityfaithcenter.org', '(555) 678-0234', '1983-11-14', 'Active');

-- 26. Coastal Logistics Systems
INSERT INTO [__mj_BizAppsCommon].[Organization]
    ([ID], [Name], [LegalName], [OrganizationTypeID], [Website], [Description], [Email], [Phone], [FoundedDate], [TaxID], [Status])
VALUES
    (@Org26, 'Coastal Logistics Systems', 'Coastal Logistics Systems LLC', @OrgType_Company,
     'https://www.coastallogistics.com', 'Third-party logistics provider specializing in freight forwarding, warehousing, and supply chain management.',
     'sales@coastallogistics.com', '(555) 789-0345', '1996-04-18', '90-1234567', 'Active');

-- 27. National Bar Association
INSERT INTO [__mj_BizAppsCommon].[Organization]
    ([ID], [Name], [LegalName], [OrganizationTypeID], [Website], [Description], [Email], [Phone], [FoundedDate], [Status])
VALUES
    (@Org27, 'National Bar Association', 'National Bar Association', @OrgType_Association,
     'https://www.nationalbar.org', 'Professional association of attorneys and legal professionals promoting legal education and advocacy.',
     'info@nationalbar.org', '(555) 890-3456', '1925-08-01', 'Active');

-- 28. Frontier Energy Solutions
INSERT INTO [__mj_BizAppsCommon].[Organization]
    ([ID], [Name], [LegalName], [OrganizationTypeID], [Website], [Description], [Email], [Phone], [FoundedDate], [Status])
VALUES
    (@Org28, 'Frontier Energy Solutions', 'Frontier Energy Solutions Inc.', @OrgType_Company,
     'https://www.frontierenergy.com', 'Renewable energy company developing solar, wind, and battery storage projects across North America.',
     'info@frontierenergy.com', '(555) 901-4567', '2010-06-25', 'Active');

-- 29. Artisan Foods Collective
INSERT INTO [__mj_BizAppsCommon].[Organization]
    ([ID], [Name], [LegalName], [OrganizationTypeID], [Website], [Description], [Email], [Phone], [FoundedDate], [Status])
VALUES
    (@Org29, 'Artisan Foods Collective', 'Artisan Foods Collective LLC', @OrgType_Company,
     'https://www.artisanfoods.com', 'Specialty food manufacturer producing organic, locally-sourced products distributed to premium retailers.',
     'contact@artisanfoods.com', '(555) 012-5678', '2007-02-09', 'Active');

-- 30. Regional Housing Authority
INSERT INTO [__mj_BizAppsCommon].[Organization]
    ([ID], [Name], [LegalName], [OrganizationTypeID], [Website], [Description], [Email], [Phone], [FoundedDate], [Status])
VALUES
    (@Org30, 'Regional Housing Authority', 'Regional Housing Authority', @OrgType_Government,
     'https://www.regionalhousing.gov', 'Government agency providing affordable housing assistance and community development programs.',
     'info@regionalhousing.gov', '(555) 123-6789', '1968-03-12', 'Active');

-- 31. Velocity Marketing Group
INSERT INTO [__mj_BizAppsCommon].[Organization]
    ([ID], [Name], [LegalName], [OrganizationTypeID], [Website], [Description], [Email], [Phone], [FoundedDate], [Status])
VALUES
    (@Org31, 'Velocity Marketing Group', 'Velocity Marketing Group Inc.', @OrgType_Company,
     'https://www.velocitymarketing.com', 'Digital marketing agency offering SEO, social media, content marketing, and brand strategy services.',
     'hello@velocitymarketing.com', '(555) 234-7890', '2013-01-20', 'Active');

-- 32. Physicians for Global Health
INSERT INTO [__mj_BizAppsCommon].[Organization]
    ([ID], [Name], [LegalName], [OrganizationTypeID], [Website], [Description], [Email], [Phone], [FoundedDate], [TaxID], [Status])
VALUES
    (@Org32, 'Physicians for Global Health', 'Physicians for Global Health Foundation', @OrgType_NonProfit,
     'https://www.physiciansglobalhealth.org', 'International non-profit providing medical care and health education in underserved communities worldwide.',
     'info@physiciansglobalhealth.org', '(555) 345-8901', '1991-05-17', '67-8912345', 'Active');

-- 33. Urban Development Institute
INSERT INTO [__mj_BizAppsCommon].[Organization]
    ([ID], [Name], [LegalName], [OrganizationTypeID], [Website], [Description], [Email], [Phone], [FoundedDate], [Status])
VALUES
    (@Org33, 'Urban Development Institute', 'Urban Development Institute', @OrgType_Association,
     'https://www.urbandev.org', 'Professional association for urban planners, developers, and real estate professionals focused on sustainable growth.',
     'contact@urbandev.org', '(555) 456-9012', '1958-11-30', 'Active');

-- 34. Prestige Hospitality Group (Inactive)
INSERT INTO [__mj_BizAppsCommon].[Organization]
    ([ID], [Name], [LegalName], [OrganizationTypeID], [Website], [Description], [Email], [Phone], [FoundedDate], [Status])
VALUES
    (@Org34, 'Prestige Hospitality Group', 'Prestige Hospitality Group LLC', @OrgType_Company,
     'https://www.prestigehospitality.com', 'Hotel and resort management company operating luxury properties across the United States.',
     'reservations@prestigehospitality.com', '(555) 567-9123', '1987-07-08', 'Inactive');

-- 35. Redwood Research Labs (subsidiary of Quantum Biotech)
INSERT INTO [__mj_BizAppsCommon].[Organization]
    ([ID], [Name], [LegalName], [OrganizationTypeID], [ParentID], [Website], [Description], [Email], [Phone], [FoundedDate], [TaxID], [Status])
VALUES
    (@Org35, 'Redwood Research Labs', 'Redwood Research Labs Inc.', @OrgType_Company, @Org20,
     'https://www.redwoodlabs.com', 'Biotechnology research subsidiary focusing on gene therapy and precision medicine, division of Quantum Biotech.',
     'research@redwoodlabs.com', '(555) 678-0124', '2018-09-11', '89-0123456', 'Active');

-- 36. Alliance Healthcare Partners
INSERT INTO [__mj_BizAppsCommon].[Organization]
    ([ID], [Name], [LegalName], [OrganizationTypeID], [Website], [Description], [Email], [Phone], [FoundedDate], [Status])
VALUES
    (@Org36, 'Alliance Healthcare Partners', 'Alliance Healthcare Partners LLC', @OrgType_NonProfit,
     'https://www.alliancehealthcare.org', 'Non-profit network of community health clinics providing primary care and preventive services.',
     'info@alliancehealthcare.org', '(555) 789-1235', '2005-12-03', 'Active');

-- 37. Metropolitan Transit Commission
INSERT INTO [__mj_BizAppsCommon].[Organization]
    ([ID], [Name], [LegalName], [OrganizationTypeID], [Website], [Description], [Email], [Phone], [FoundedDate], [Status])
VALUES
    (@Org37, 'Metropolitan Transit Commission', 'Metropolitan Transit Commission', @OrgType_Government,
     'https://www.metrotransit.gov', 'Regional government agency operating public bus, rail, and paratransit services for the metropolitan area.',
     'customerservice@metrotransit.gov', '(555) 890-2346', '1974-06-15', 'Active');

-- 38. Precision Engineering Corp. (subsidiary of Cascade Manufacturing)
INSERT INTO [__mj_BizAppsCommon].[Organization]
    ([ID], [Name], [LegalName], [OrganizationTypeID], [ParentID], [Website], [Description], [Email], [Phone], [FoundedDate], [Status])
VALUES
    (@Org38, 'Precision Engineering Corp.', 'Precision Engineering Corporation', @OrgType_Company, @Org14,
     'https://www.precisionengineering.com', 'Engineering subsidiary specializing in CAD/CAM design and prototyping services, division of Cascade Manufacturing.',
     'info@precisionengineering.com', '(555) 901-3457', '2019-04-05', 'Active');

-- 39. Lakeside Properties LLC (Inactive)
INSERT INTO [__mj_BizAppsCommon].[Organization]
    ([ID], [Name], [LegalName], [OrganizationTypeID], [Website], [Description], [Email], [Phone], [FoundedDate], [TaxID], [Status])
VALUES
    (@Org39, 'Lakeside Properties', 'Lakeside Properties Limited Liability Company', @OrgType_Company,
     'https://www.lakesideproperties.com', 'Commercial real estate development and property management firm with a portfolio of office and retail spaces.',
     'leasing@lakesideproperties.com', '(555) 012-4568', '1999-10-28', '45-6789123', 'Inactive');

-- 40. Digital Frontier Technologies
INSERT INTO [__mj_BizAppsCommon].[Organization]
    ([ID], [Name], [LegalName], [OrganizationTypeID], [Website], [Description], [Email], [Phone], [FoundedDate], [Status])
VALUES
    (@Org40, 'Digital Frontier Technologies', 'Digital Frontier Technologies Inc.', @OrgType_Company,
     'https://www.digitalfrontier.com', 'Software development company creating cloud-based enterprise solutions and mobile applications.',
     'contact@digitalfrontier.com', '(555) 123-5679', '2023-01-10', 'Active');

PRINT '   Organization: 40 records inserted';


-- ============================================================================
-- SECTION 7: Addresses (15 records)
-- ============================================================================
PRINT '--- Inserting Address records ---';

-- Declare all Address GUIDs
DECLARE @Addr1  UNIQUEIDENTIFIER = '9F58796C-8B82-471B-95BD-9157E6B1A803';  -- Acme HQ
DECLARE @Addr2  UNIQUEIDENTIFIER = '463E924F-7EF4-4E07-BBC5-AFD7A875B012';  -- Nexus HQ
DECLARE @Addr3  UNIQUEIDENTIFIER = '3DC44B55-5594-4D56-BD5D-F19179AD17BF';  -- Global Standards
DECLARE @Addr4  UNIQUEIDENTIFIER = 'A566114A-30B2-4D90-B0CF-EE3091B5A794';  -- Riverside Foundation
DECLARE @Addr5  UNIQUEIDENTIFIER = '83DE5A31-7BDA-487D-A8D0-BCBFE0EA90E8';  -- PNW University
DECLARE @Addr6  UNIQUEIDENTIFIER = '8ADECC92-3674-4430-84AE-59EF63700910';  -- Metro City Gov
DECLARE @Addr7  UNIQUEIDENTIFIER = '27E20375-8CF9-411A-AD83-5A083E8557DB';  -- TechBridge
DECLARE @Addr8  UNIQUEIDENTIFIER = 'AF660001-374D-4204-A93A-77672497C304';  -- Green Energy Coalition
DECLARE @Addr9  UNIQUEIDENTIFIER = '67768CD4-A50B-447D-B2A2-36BC3ECEEBC9';  -- Innovation Labs (same building as Acme)
DECLARE @Addr10 UNIQUEIDENTIFIER = '38EE8995-0CA4-48D5-B626-4EB01AFEDBE1';  -- DataFlow Systems
DECLARE @Addr11 UNIQUEIDENTIFIER = 'F29C76BF-27A5-4808-B90E-1E66AF21BFBD';  -- Sarah Chen home
DECLARE @Addr12 UNIQUEIDENTIFIER = 'D09C6529-95C1-4008-9852-578C69270631';  -- James Thompson home
DECLARE @Addr13 UNIQUEIDENTIFIER = '85979A6E-1177-4367-B612-D6C3FFB7BE15';  -- Christopher Lee home
DECLARE @Addr14 UNIQUEIDENTIFIER = 'CC7AFD95-A902-4441-A510-EE300B4BFFB3';  -- Catherine O'Brien home
DECLARE @Addr15 UNIQUEIDENTIFIER = '87C28992-A51C-44A8-96B2-DFA21041B50A';  -- Amanda Foster home

-- 1. Acme Technologies HQ - San Francisco
INSERT INTO [__mj_BizAppsCommon].[Address]
    ([ID], [Line1], [Line2], [City], [StateProvince], [PostalCode], [Country], [Latitude], [Longitude])
VALUES
    (@Addr1, '100 Innovation Drive', 'Suite 500', 'San Francisco', 'CA', '94105', 'US', 37.789670, -122.396790);

-- 2. Nexus Software HQ - Portland
INSERT INTO [__mj_BizAppsCommon].[Address]
    ([ID], [Line1], [Line2], [City], [StateProvince], [PostalCode], [Country], [Latitude], [Longitude])
VALUES
    (@Addr2, '200 Tech Park Way', 'Building B', 'Portland', 'OR', '97201', 'US', 45.515230, -122.678370);

-- 3. Global Standards Alliance - Washington DC
INSERT INTO [__mj_BizAppsCommon].[Address]
    ([ID], [Line1], [Line2], [City], [StateProvince], [PostalCode], [Country], [Latitude], [Longitude])
VALUES
    (@Addr3, '1 Standards Plaza', 'Floor 12', 'Washington', 'DC', '20001', 'US', 38.907190, -77.036870);

-- 4. Riverside Community Foundation - Riverside
INSERT INTO [__mj_BizAppsCommon].[Address]
    ([ID], [Line1], [City], [StateProvince], [PostalCode], [Country], [Latitude], [Longitude])
VALUES
    (@Addr4, '500 Community Lane', 'Riverside', 'CA', '92501', 'US', 33.953350, -117.396160);

-- 5. Pacific Northwest University - Seattle
INSERT INTO [__mj_BizAppsCommon].[Address]
    ([ID], [Line1], [City], [StateProvince], [PostalCode], [Country], [Latitude], [Longitude])
VALUES
    (@Addr5, '1000 University Boulevard', 'Seattle', 'WA', '98105', 'US', 47.661060, -122.313820);

-- 6. Metro City Government - Metro City, NY
INSERT INTO [__mj_BizAppsCommon].[Address]
    ([ID], [Line1], [City], [StateProvince], [PostalCode], [Country], [Latitude], [Longitude])
VALUES
    (@Addr6, '300 City Hall Square', 'Metro City', 'NY', '10001', 'US', 40.748820, -73.985660);

-- 7. TechBridge Consulting - Austin
INSERT INTO [__mj_BizAppsCommon].[Address]
    ([ID], [Line1], [Line2], [City], [StateProvince], [PostalCode], [Country], [Latitude], [Longitude])
VALUES
    (@Addr7, '75 Consulting Row', 'Suite 200', 'Austin', 'TX', '78701', 'US', 30.267150, -97.743060);

-- 8. Green Energy Coalition - Denver
INSERT INTO [__mj_BizAppsCommon].[Address]
    ([ID], [Line1], [Line2], [City], [StateProvince], [PostalCode], [Country], [Latitude], [Longitude])
VALUES
    (@Addr8, '88 Green Street', 'Floor 3', 'Denver', 'CO', '80202', 'US', 39.739240, -104.990250);

-- 9. Innovation Labs - San Francisco (same building as Acme, different suite)
INSERT INTO [__mj_BizAppsCommon].[Address]
    ([ID], [Line1], [Line2], [City], [StateProvince], [PostalCode], [Country], [Latitude], [Longitude])
VALUES
    (@Addr9, '100 Innovation Drive', 'Suite 200', 'San Francisco', 'CA', '94105', 'US', 37.789670, -122.396790);

-- 10. DataFlow Systems - Chicago
INSERT INTO [__mj_BizAppsCommon].[Address]
    ([ID], [Line1], [City], [StateProvince], [PostalCode], [Country], [Latitude], [Longitude])
VALUES
    (@Addr10, '450 Data Way', 'Chicago', 'IL', '60601', 'US', 41.878110, -87.629800);

-- 11. Sarah Chen home - San Francisco
INSERT INTO [__mj_BizAppsCommon].[Address]
    ([ID], [Line1], [Line2], [City], [StateProvince], [PostalCode], [Country], [Latitude], [Longitude])
VALUES
    (@Addr11, '42 Maple Avenue', 'Apt 7B', 'San Francisco', 'CA', '94110', 'US', 37.748950, -122.415360);

-- 12. James Thompson home - Portland
INSERT INTO [__mj_BizAppsCommon].[Address]
    ([ID], [Line1], [City], [StateProvince], [PostalCode], [Country], [Latitude], [Longitude])
VALUES
    (@Addr12, '1515 Oak Street', 'Portland', 'OR', '97209', 'US', 45.531080, -122.683710);

-- 13. Christopher Lee home - Seattle
INSERT INTO [__mj_BizAppsCommon].[Address]
    ([ID], [Line1], [City], [StateProvince], [PostalCode], [Country], [Latitude], [Longitude])
VALUES
    (@Addr13, '789 Pine Court', 'Seattle', 'WA', '98112', 'US', 47.629330, -122.298430);

-- 14. Catherine O'Brien home - Riverside
INSERT INTO [__mj_BizAppsCommon].[Address]
    ([ID], [Line1], [City], [StateProvince], [PostalCode], [Country], [Latitude], [Longitude])
VALUES
    (@Addr14, '2200 Riverside Drive', 'Riverside', 'CA', '92506', 'US', 33.963200, -117.372500);

-- 15. Amanda Foster home - Austin
INSERT INTO [__mj_BizAppsCommon].[Address]
    ([ID], [Line1], [Line2], [City], [StateProvince], [PostalCode], [Country], [Latitude], [Longitude])
VALUES
    (@Addr15, '330 Elm Boulevard', 'Unit 12', 'Austin', 'TX', '78704', 'US', 30.248680, -97.752690);

PRINT '   Address: 15 records inserted';


-- ============================================================================
-- SECTION 8: AddressLink (~25 records)
--   Requires __mj.Entity to have Person and Organization registered (via CodeGen)
-- ============================================================================
PRINT '--- Inserting AddressLink records ---';

-- Resolve AddressType IDs
DECLARE @AddrType_HQ   UNIQUEIDENTIFIER;
DECLARE @AddrType_Work UNIQUEIDENTIFIER;
DECLARE @AddrType_Home UNIQUEIDENTIFIER;

SELECT @AddrType_HQ   = [ID] FROM [__mj_BizAppsCommon].[AddressType] WHERE [Name] = 'Headquarters';
SELECT @AddrType_Work  = [ID] FROM [__mj_BizAppsCommon].[AddressType] WHERE [Name] = 'Work';
SELECT @AddrType_Home  = [ID] FROM [__mj_BizAppsCommon].[AddressType] WHERE [Name] = 'Home';

-- Resolve Entity IDs from __mj.Entity (populated by CodeGen)
DECLARE @PersonEntityID UNIQUEIDENTIFIER;
DECLARE @OrgEntityID UNIQUEIDENTIFIER;
SELECT @PersonEntityID = [ID] FROM [__mj].[Entity] WHERE [SchemaName] = '__mj_BizAppsCommon' AND [BaseTable] = 'Person';
SELECT @OrgEntityID    = [ID] FROM [__mj].[Entity] WHERE [SchemaName] = '__mj_BizAppsCommon' AND [BaseTable] = 'Organization';

IF @PersonEntityID IS NOT NULL AND @OrgEntityID IS NOT NULL
BEGIN
    PRINT '   Entity registrations found - inserting AddressLink records';

    -- === Organization HQ Address Links (10 rows) ===

    -- Acme Technologies -> Acme HQ
    INSERT INTO [__mj_BizAppsCommon].[AddressLink]
        ([AddressID], [EntityID], [RecordID], [AddressTypeID], [IsPrimary], [Rank])
    VALUES (@Addr1, @OrgEntityID, CAST(@Org1 AS NVARCHAR(700)), @AddrType_HQ, 1, 10);

    -- Nexus Software -> Nexus HQ
    INSERT INTO [__mj_BizAppsCommon].[AddressLink]
        ([AddressID], [EntityID], [RecordID], [AddressTypeID], [IsPrimary], [Rank])
    VALUES (@Addr2, @OrgEntityID, CAST(@Org2 AS NVARCHAR(700)), @AddrType_HQ, 1, 10);

    -- Global Standards Alliance -> DC Office
    INSERT INTO [__mj_BizAppsCommon].[AddressLink]
        ([AddressID], [EntityID], [RecordID], [AddressTypeID], [IsPrimary], [Rank])
    VALUES (@Addr3, @OrgEntityID, CAST(@Org3 AS NVARCHAR(700)), @AddrType_HQ, 1, 10);

    -- Riverside Community Foundation -> Riverside Office
    INSERT INTO [__mj_BizAppsCommon].[AddressLink]
        ([AddressID], [EntityID], [RecordID], [AddressTypeID], [IsPrimary], [Rank])
    VALUES (@Addr4, @OrgEntityID, CAST(@Org4 AS NVARCHAR(700)), @AddrType_HQ, 1, 10);

    -- Pacific Northwest University -> Seattle Campus
    INSERT INTO [__mj_BizAppsCommon].[AddressLink]
        ([AddressID], [EntityID], [RecordID], [AddressTypeID], [IsPrimary], [Rank])
    VALUES (@Addr5, @OrgEntityID, CAST(@Org5 AS NVARCHAR(700)), @AddrType_HQ, 1, 10);

    -- Metro City Government -> City Hall
    INSERT INTO [__mj_BizAppsCommon].[AddressLink]
        ([AddressID], [EntityID], [RecordID], [AddressTypeID], [IsPrimary], [Rank])
    VALUES (@Addr6, @OrgEntityID, CAST(@Org6 AS NVARCHAR(700)), @AddrType_HQ, 1, 10);

    -- TechBridge Consulting -> Austin Office
    INSERT INTO [__mj_BizAppsCommon].[AddressLink]
        ([AddressID], [EntityID], [RecordID], [AddressTypeID], [IsPrimary], [Rank])
    VALUES (@Addr7, @OrgEntityID, CAST(@Org7 AS NVARCHAR(700)), @AddrType_HQ, 1, 10);

    -- Green Energy Coalition -> Denver Office
    INSERT INTO [__mj_BizAppsCommon].[AddressLink]
        ([AddressID], [EntityID], [RecordID], [AddressTypeID], [IsPrimary], [Rank])
    VALUES (@Addr8, @OrgEntityID, CAST(@Org8 AS NVARCHAR(700)), @AddrType_HQ, 1, 10);

    -- Innovation Labs -> SF Office (same building as Acme, different suite)
    INSERT INTO [__mj_BizAppsCommon].[AddressLink]
        ([AddressID], [EntityID], [RecordID], [AddressTypeID], [IsPrimary], [Rank])
    VALUES (@Addr9, @OrgEntityID, CAST(@Org9 AS NVARCHAR(700)), @AddrType_HQ, 1, 10);

    -- DataFlow Systems -> Chicago Office
    INSERT INTO [__mj_BizAppsCommon].[AddressLink]
        ([AddressID], [EntityID], [RecordID], [AddressTypeID], [IsPrimary], [Rank])
    VALUES (@Addr10, @OrgEntityID, CAST(@Org10 AS NVARCHAR(700)), @AddrType_HQ, 1, 10);


    -- === Person Home Address Links (5 rows) ===

    -- Sarah Chen -> Home address
    INSERT INTO [__mj_BizAppsCommon].[AddressLink]
        ([AddressID], [EntityID], [RecordID], [AddressTypeID], [IsPrimary], [Rank])
    VALUES (@Addr11, @PersonEntityID, CAST(@Person1 AS NVARCHAR(700)), @AddrType_Home, 1, 30);

    -- James Thompson -> Home address
    INSERT INTO [__mj_BizAppsCommon].[AddressLink]
        ([AddressID], [EntityID], [RecordID], [AddressTypeID], [IsPrimary], [Rank])
    VALUES (@Addr12, @PersonEntityID, CAST(@Person6 AS NVARCHAR(700)), @AddrType_Home, 1, 30);

    -- Christopher Lee -> Home address
    INSERT INTO [__mj_BizAppsCommon].[AddressLink]
        ([AddressID], [EntityID], [RecordID], [AddressTypeID], [IsPrimary], [Rank])
    VALUES (@Addr13, @PersonEntityID, CAST(@Person12 AS NVARCHAR(700)), @AddrType_Home, 1, 30);

    -- Catherine O'Brien -> Home address
    INSERT INTO [__mj_BizAppsCommon].[AddressLink]
        ([AddressID], [EntityID], [RecordID], [AddressTypeID], [IsPrimary], [Rank])
    VALUES (@Addr14, @PersonEntityID, CAST(@Person25 AS NVARCHAR(700)), @AddrType_Home, 1, 30);

    -- Amanda Foster -> Home address
    INSERT INTO [__mj_BizAppsCommon].[AddressLink]
        ([AddressID], [EntityID], [RecordID], [AddressTypeID], [IsPrimary], [Rank])
    VALUES (@Addr15, @PersonEntityID, CAST(@Person13 AS NVARCHAR(700)), @AddrType_Home, 1, 30);


    -- === Person Work Address Links (5 rows) ===
    -- Sarah Chen also has Acme HQ as her work address
    INSERT INTO [__mj_BizAppsCommon].[AddressLink]
        ([AddressID], [EntityID], [RecordID], [AddressTypeID], [IsPrimary], [Rank])
    VALUES (@Addr1, @PersonEntityID, CAST(@Person1 AS NVARCHAR(700)), @AddrType_Work, 0, 20);

    -- Michael Rodriguez -> Acme HQ as work address
    INSERT INTO [__mj_BizAppsCommon].[AddressLink]
        ([AddressID], [EntityID], [RecordID], [AddressTypeID], [IsPrimary], [Rank])
    VALUES (@Addr1, @PersonEntityID, CAST(@Person2 AS NVARCHAR(700)), @AddrType_Work, 1, 20);

    -- James Thompson -> Nexus HQ as work address
    INSERT INTO [__mj_BizAppsCommon].[AddressLink]
        ([AddressID], [EntityID], [RecordID], [AddressTypeID], [IsPrimary], [Rank])
    VALUES (@Addr2, @PersonEntityID, CAST(@Person6 AS NVARCHAR(700)), @AddrType_Work, 0, 20);

    -- Christopher Lee -> PNW University as work address
    INSERT INTO [__mj_BizAppsCommon].[AddressLink]
        ([AddressID], [EntityID], [RecordID], [AddressTypeID], [IsPrimary], [Rank])
    VALUES (@Addr5, @PersonEntityID, CAST(@Person12 AS NVARCHAR(700)), @AddrType_Work, 0, 20);

    -- Catherine O'Brien -> Riverside Foundation as work address
    INSERT INTO [__mj_BizAppsCommon].[AddressLink]
        ([AddressID], [EntityID], [RecordID], [AddressTypeID], [IsPrimary], [Rank])
    VALUES (@Addr4, @PersonEntityID, CAST(@Person25 AS NVARCHAR(700)), @AddrType_Work, 0, 20);

    PRINT '   AddressLink: 20 records inserted';
END
ELSE
BEGIN
    PRINT '   SKIPPED: AddressLink inserts require CodeGen to have been run first.';
    PRINT '   Run CodeGen to register Person and Organization entities in __mj.Entity,';
    PRINT '   then re-run this script to populate AddressLink records.';
END


-- ============================================================================
-- SECTION 9: ContactMethod (20 records)
-- ============================================================================
PRINT '--- Inserting ContactMethod records ---';

-- Resolve ContactType IDs
DECLARE @CT_Phone    UNIQUEIDENTIFIER;
DECLARE @CT_Mobile   UNIQUEIDENTIFIER;
DECLARE @CT_Email    UNIQUEIDENTIFIER;
DECLARE @CT_LinkedIn UNIQUEIDENTIFIER;
DECLARE @CT_Twitter  UNIQUEIDENTIFIER;
DECLARE @CT_Website  UNIQUEIDENTIFIER;
DECLARE @CT_Fax      UNIQUEIDENTIFIER;

SELECT @CT_Phone    = [ID] FROM [__mj_BizAppsCommon].[ContactType] WHERE [Name] = 'Phone';
SELECT @CT_Mobile   = [ID] FROM [__mj_BizAppsCommon].[ContactType] WHERE [Name] = 'Mobile';
SELECT @CT_Email    = [ID] FROM [__mj_BizAppsCommon].[ContactType] WHERE [Name] = 'Email';
SELECT @CT_LinkedIn = [ID] FROM [__mj_BizAppsCommon].[ContactType] WHERE [Name] = 'LinkedIn';
SELECT @CT_Twitter  = [ID] FROM [__mj_BizAppsCommon].[ContactType] WHERE [Name] = 'X/Twitter';
SELECT @CT_Website  = [ID] FROM [__mj_BizAppsCommon].[ContactType] WHERE [Name] = 'Website';
SELECT @CT_Fax      = [ID] FROM [__mj_BizAppsCommon].[ContactType] WHERE [Name] = 'Fax';

-- Person ContactMethods (14 rows)

-- Sarah Chen: LinkedIn
INSERT INTO [__mj_BizAppsCommon].[ContactMethod]
    ([PersonID], [ContactTypeID], [Value], [Label], [IsPrimary])
VALUES (@Person1, @CT_LinkedIn, 'https://linkedin.com/in/sarahchen', 'LinkedIn Profile', 1);

-- Sarah Chen: Mobile
INSERT INTO [__mj_BizAppsCommon].[ContactMethod]
    ([PersonID], [ContactTypeID], [Value], [Label], [IsPrimary])
VALUES (@Person1, @CT_Mobile, '(555) 100-1001', 'Personal Mobile', 0);

-- Michael Rodriguez: Mobile
INSERT INTO [__mj_BizAppsCommon].[ContactMethod]
    ([PersonID], [ContactTypeID], [Value], [Label], [IsPrimary])
VALUES (@Person2, @CT_Mobile, '(555) 100-2001', 'Personal Mobile', 1);

-- Michael Rodriguez: Personal email
INSERT INTO [__mj_BizAppsCommon].[ContactMethod]
    ([PersonID], [ContactTypeID], [Value], [Label], [IsPrimary])
VALUES (@Person2, @CT_Email, 'michael.rodriguez.personal@email.com', 'Personal Email', 0);

-- David Kim: LinkedIn
INSERT INTO [__mj_BizAppsCommon].[ContactMethod]
    ([PersonID], [ContactTypeID], [Value], [Label], [IsPrimary])
VALUES (@Person4, @CT_LinkedIn, 'https://linkedin.com/in/davidkim-cto', 'LinkedIn Profile', 1);

-- James Thompson: LinkedIn
INSERT INTO [__mj_BizAppsCommon].[ContactMethod]
    ([PersonID], [ContactTypeID], [Value], [Label], [IsPrimary])
VALUES (@Person6, @CT_LinkedIn, 'https://linkedin.com/in/jamesthompson', 'LinkedIn Profile', 1);

-- Thomas Anderson: Mobile
INSERT INTO [__mj_BizAppsCommon].[ContactMethod]
    ([PersonID], [ContactTypeID], [Value], [Label], [IsPrimary])
VALUES (@Person10, @CT_Mobile, '(555) 400-1001', 'Personal Mobile', 1);

-- Christopher Lee: LinkedIn
INSERT INTO [__mj_BizAppsCommon].[ContactMethod]
    ([PersonID], [ContactTypeID], [Value], [Label], [IsPrimary])
VALUES (@Person12, @CT_LinkedIn, 'https://linkedin.com/in/chrislee-prof', 'LinkedIn Profile', 1);

-- Sophia Patel: LinkedIn
INSERT INTO [__mj_BizAppsCommon].[ContactMethod]
    ([PersonID], [ContactTypeID], [Value], [Label], [IsPrimary])
VALUES (@Person17, @CT_LinkedIn, 'https://linkedin.com/in/sophiapatel-ds', 'LinkedIn Profile', 1);

-- Sophia Patel: X/Twitter
INSERT INTO [__mj_BizAppsCommon].[ContactMethod]
    ([PersonID], [ContactTypeID], [Value], [Label], [IsPrimary])
VALUES (@Person17, @CT_Twitter, '@sophiapatel_ml', 'X Profile', 0);

-- Nathan Wright: LinkedIn
INSERT INTO [__mj_BizAppsCommon].[ContactMethod]
    ([PersonID], [ContactTypeID], [Value], [Label], [IsPrimary])
VALUES (@Person20, @CT_LinkedIn, 'https://linkedin.com/in/nathanwright-dev', 'LinkedIn Profile', 1);

-- Elena Volkov: Personal email
INSERT INTO [__mj_BizAppsCommon].[ContactMethod]
    ([PersonID], [ContactTypeID], [Value], [Label], [IsPrimary])
VALUES (@Person21, @CT_Email, 'elena.volkov.research@email.com', 'Personal Email', 0);

-- Catherine O'Brien: Mobile
INSERT INTO [__mj_BizAppsCommon].[ContactMethod]
    ([PersonID], [ContactTypeID], [Value], [Label], [IsPrimary])
VALUES (@Person25, @CT_Mobile, '(555) 350-1001', 'Personal Mobile', 1);

-- Amanda Foster: LinkedIn
INSERT INTO [__mj_BizAppsCommon].[ContactMethod]
    ([PersonID], [ContactTypeID], [Value], [Label], [IsPrimary])
VALUES (@Person13, @CT_LinkedIn, 'https://linkedin.com/in/amandafoster-consulting', 'LinkedIn Profile', 1);

-- Organization ContactMethods (6 rows)

-- Acme Technologies: Main phone
INSERT INTO [__mj_BizAppsCommon].[ContactMethod]
    ([OrganizationID], [ContactTypeID], [Value], [Label], [IsPrimary])
VALUES (@Org1, @CT_Phone, '(555) 100-0000', 'Main Line', 1);

-- Acme Technologies: Support email
INSERT INTO [__mj_BizAppsCommon].[ContactMethod]
    ([OrganizationID], [ContactTypeID], [Value], [Label], [IsPrimary])
VALUES (@Org1, @CT_Email, 'support@acmetech.com', 'Customer Support', 0);

-- Nexus Software: Website
INSERT INTO [__mj_BizAppsCommon].[ContactMethod]
    ([OrganizationID], [ContactTypeID], [Value], [Label], [IsPrimary])
VALUES (@Org2, @CT_Website, 'https://www.nexussoftware.com', 'Corporate Website', 1);

-- Global Standards Alliance: Fax
INSERT INTO [__mj_BizAppsCommon].[ContactMethod]
    ([OrganizationID], [ContactTypeID], [Value], [Label], [IsPrimary])
VALUES (@Org3, @CT_Fax, '(555) 300-0099', 'Main Fax', 0);

-- Riverside Community Foundation: Website
INSERT INTO [__mj_BizAppsCommon].[ContactMethod]
    ([OrganizationID], [ContactTypeID], [Value], [Label], [IsPrimary])
VALUES (@Org4, @CT_Website, 'https://www.riverside.org', 'Foundation Website', 1);

-- Green Energy Coalition: X/Twitter
INSERT INTO [__mj_BizAppsCommon].[ContactMethod]
    ([OrganizationID], [ContactTypeID], [Value], [Label], [IsPrimary])
VALUES (@Org8, @CT_Twitter, '@GreenEnergyCoalition', 'Official X Account', 0);

PRINT '   ContactMethod: 20 records inserted';


-- ============================================================================
-- SECTION 10: Relationships (25 records)
-- ============================================================================
PRINT '--- Inserting Relationship records ---';

-- Resolve RelationshipType IDs
DECLARE @RT_Spouse        UNIQUEIDENTIFIER;
DECLARE @RT_Sibling       UNIQUEIDENTIFIER;
DECLARE @RT_MentorMentee  UNIQUEIDENTIFIER;
DECLARE @RT_Employee      UNIQUEIDENTIFIER;
DECLARE @RT_BoardMember   UNIQUEIDENTIFIER;
DECLARE @RT_CustomerVendor UNIQUEIDENTIFIER;
DECLARE @RT_Partner       UNIQUEIDENTIFIER;
DECLARE @RT_Affiliate     UNIQUEIDENTIFIER;

SELECT @RT_Spouse        = [ID] FROM [__mj_BizAppsCommon].[RelationshipType] WHERE [Name] = 'Spouse';
SELECT @RT_Sibling       = [ID] FROM [__mj_BizAppsCommon].[RelationshipType] WHERE [Name] = 'Sibling';
SELECT @RT_MentorMentee  = [ID] FROM [__mj_BizAppsCommon].[RelationshipType] WHERE [Name] = 'Mentor/Mentee';
SELECT @RT_Employee      = [ID] FROM [__mj_BizAppsCommon].[RelationshipType] WHERE [Name] = 'Employee';
SELECT @RT_BoardMember   = [ID] FROM [__mj_BizAppsCommon].[RelationshipType] WHERE [Name] = 'Board Member';
SELECT @RT_CustomerVendor = [ID] FROM [__mj_BizAppsCommon].[RelationshipType] WHERE [Name] = 'Customer/Vendor';
SELECT @RT_Partner       = [ID] FROM [__mj_BizAppsCommon].[RelationshipType] WHERE [Name] = 'Partner';
SELECT @RT_Affiliate     = [ID] FROM [__mj_BizAppsCommon].[RelationshipType] WHERE [Name] = 'Affiliate';


-- ---- PersonToOrganization: Employee relationships (13 rows) ----

-- Sarah Chen -> Employee of Acme Technologies (CEO)
INSERT INTO [__mj_BizAppsCommon].[Relationship]
    ([RelationshipTypeID], [FromPersonID], [ToOrganizationID], [Title], [StartDate], [Status])
VALUES (@RT_Employee, @Person1, @Org1, 'CEO', '2005-03-01', 'Active');

-- Michael Rodriguez -> Employee of Acme Technologies (COO)
INSERT INTO [__mj_BizAppsCommon].[Relationship]
    ([RelationshipTypeID], [FromPersonID], [ToOrganizationID], [Title], [StartDate], [Status])
VALUES (@RT_Employee, @Person2, @Org1, 'COO', '2007-06-15', 'Active');

-- Jennifer Okafor -> Employee of Acme Technologies (CFO)
INSERT INTO [__mj_BizAppsCommon].[Relationship]
    ([RelationshipTypeID], [FromPersonID], [ToOrganizationID], [Title], [StartDate], [Status])
VALUES (@RT_Employee, @Person3, @Org1, 'CFO', '2012-01-10', 'Active');

-- David Kim -> Employee of Acme Technologies (CTO)
INSERT INTO [__mj_BizAppsCommon].[Relationship]
    ([RelationshipTypeID], [FromPersonID], [ToOrganizationID], [Title], [StartDate], [Status])
VALUES (@RT_Employee, @Person4, @Org1, 'CTO', '2009-08-20', 'Active');

-- Emily Watson -> Employee of Acme Technologies (VP Marketing)
INSERT INTO [__mj_BizAppsCommon].[Relationship]
    ([RelationshipTypeID], [FromPersonID], [ToOrganizationID], [Title], [StartDate], [Status])
VALUES (@RT_Employee, @Person5, @Org1, 'VP Marketing', '2015-04-01', 'Active');

-- Daniel Martinez -> Employee of Acme Technologies (Project Manager)
INSERT INTO [__mj_BizAppsCommon].[Relationship]
    ([RelationshipTypeID], [FromPersonID], [ToOrganizationID], [Title], [StartDate], [Status])
VALUES (@RT_Employee, @Person14, @Org1, 'Project Manager', '2018-02-12', 'Active');

-- Rachel Green -> Employee of Acme Technologies (HR Director)
INSERT INTO [__mj_BizAppsCommon].[Relationship]
    ([RelationshipTypeID], [FromPersonID], [ToOrganizationID], [Title], [StartDate], [Status])
VALUES (@RT_Employee, @Person15, @Org1, 'HR Director', '2016-09-01', 'Active');

-- Nathan Wright -> Employee of Acme Technologies (Senior Developer)
INSERT INTO [__mj_BizAppsCommon].[Relationship]
    ([RelationshipTypeID], [FromPersonID], [ToOrganizationID], [Title], [StartDate], [Status])
VALUES (@RT_Employee, @Person20, @Org1, 'Senior Developer', '2019-03-15', 'Active');

-- James Thompson -> Employee of Nexus Software (VP Sales)
INSERT INTO [__mj_BizAppsCommon].[Relationship]
    ([RelationshipTypeID], [FromPersonID], [ToOrganizationID], [Title], [StartDate], [Status])
VALUES (@RT_Employee, @Person6, @Org2, 'VP Sales', '2011-01-05', 'Active');

-- Maria Gonzalez -> Employee of Nexus Software (Director of Operations)
INSERT INTO [__mj_BizAppsCommon].[Relationship]
    ([RelationshipTypeID], [FromPersonID], [ToOrganizationID], [Title], [StartDate], [Status])
VALUES (@RT_Employee, @Person7, @Org2, 'Director of Operations', '2013-07-22', 'Active');

-- Robert Singh -> Employee of Nexus Software (Director of Engineering)
INSERT INTO [__mj_BizAppsCommon].[Relationship]
    ([RelationshipTypeID], [FromPersonID], [ToOrganizationID], [Title], [StartDate], [Status])
VALUES (@RT_Employee, @Person8, @Org2, 'Director of Engineering', '2012-04-01', 'Active');

-- Catherine O'Brien -> Employee of Riverside Foundation (Executive Director)
INSERT INTO [__mj_BizAppsCommon].[Relationship]
    ([RelationshipTypeID], [FromPersonID], [ToOrganizationID], [Title], [StartDate], [Status])
VALUES (@RT_Employee, @Person25, @Org4, 'Executive Director', '2003-01-15', 'Active');

-- Christopher Lee -> Employee of PNW University (Professor)
INSERT INTO [__mj_BizAppsCommon].[Relationship]
    ([RelationshipTypeID], [FromPersonID], [ToOrganizationID], [Title], [StartDate], [Status])
VALUES (@RT_Employee, @Person12, @Org5, 'Professor of Computer Science', '2006-09-01', 'Active');


-- ---- PersonToOrganization: Board Member relationships (2 rows) ----

-- Thomas Anderson -> Board Member of Global Standards Alliance (Board Chair)
INSERT INTO [__mj_BizAppsCommon].[Relationship]
    ([RelationshipTypeID], [FromPersonID], [ToOrganizationID], [Title], [StartDate], [Status])
VALUES (@RT_BoardMember, @Person10, @Org3, 'Board Chair', '2010-01-01', 'Active');

-- Patricia Williams -> Board Member of Global Standards Alliance (Board Vice Chair)
INSERT INTO [__mj_BizAppsCommon].[Relationship]
    ([RelationshipTypeID], [FromPersonID], [ToOrganizationID], [Title], [StartDate], [Status])
VALUES (@RT_BoardMember, @Person11, @Org3, 'Board Vice Chair', '2012-06-01', 'Active');


-- ---- PersonToPerson (5 rows) ----

-- Thomas Anderson mentors Sarah Chen
INSERT INTO [__mj_BizAppsCommon].[Relationship]
    ([RelationshipTypeID], [FromPersonID], [ToPersonID], [Title], [StartDate], [Status], [Notes])
VALUES (@RT_MentorMentee, @Person10, @Person1, 'Executive Mentorship', '2008-01-15', 'Active',
        'Dr. Anderson has been mentoring Sarah since her early years as CEO, providing governance and leadership guidance.');

-- Lisa Nakamura mentors Sophia Patel
INSERT INTO [__mj_BizAppsCommon].[Relationship]
    ([RelationshipTypeID], [FromPersonID], [ToPersonID], [Title], [StartDate], [Status], [Notes])
VALUES (@RT_MentorMentee, @Person9, @Person17, 'Legal & Data Ethics Mentorship', '2020-06-01', 'Active',
        'Lisa mentors Sophia on the legal and ethical implications of data science and AI in the enterprise.');

-- Elena Volkov mentors Christopher Lee
INSERT INTO [__mj_BizAppsCommon].[Relationship]
    ([RelationshipTypeID], [FromPersonID], [ToPersonID], [Title], [StartDate], [Status], [Notes])
VALUES (@RT_MentorMentee, @Person21, @Person12, 'Research Mentorship', '2010-09-01', 'Active',
        'Dr. Volkov mentors Prof. Lee on research direction and grant acquisition strategy.');

-- James Thompson and Benjamin Clark are siblings
INSERT INTO [__mj_BizAppsCommon].[Relationship]
    ([RelationshipTypeID], [FromPersonID], [ToPersonID], [Title], [StartDate], [Status], [Notes])
VALUES (@RT_Sibling, @Person6, @Person22, 'Brothers', NULL, 'Active',
        'James and Ben are brothers who both ended up in the software industry.');

-- Sarah Chen and David Kim are spouses
INSERT INTO [__mj_BizAppsCommon].[Relationship]
    ([RelationshipTypeID], [FromPersonID], [ToPersonID], [Title], [StartDate], [Status])
VALUES (@RT_Spouse, @Person1, @Person4, 'Married', '2010-06-20', 'Active');


-- ---- OrganizationToOrganization (5 rows) ----

-- Nexus Software is Customer of Acme Technologies
INSERT INTO [__mj_BizAppsCommon].[Relationship]
    ([RelationshipTypeID], [FromOrganizationID], [ToOrganizationID], [Title], [StartDate], [Status], [Notes])
VALUES (@RT_CustomerVendor, @Org2, @Org1, 'Enterprise License Agreement', '2015-03-01', 'Active',
        'Nexus Software uses Acme Technologies platform for internal operations.');

-- TechBridge Consulting is Partner of Acme Technologies
INSERT INTO [__mj_BizAppsCommon].[Relationship]
    ([RelationshipTypeID], [FromOrganizationID], [ToOrganizationID], [Title], [StartDate], [Status], [Notes])
VALUES (@RT_Partner, @Org7, @Org1, 'Strategic Implementation Partner', '2017-01-15', 'Active',
        'TechBridge is an authorized implementation partner for Acme Technologies products.');

-- DataFlow Systems is Customer of Nexus Software
INSERT INTO [__mj_BizAppsCommon].[Relationship]
    ([RelationshipTypeID], [FromOrganizationID], [ToOrganizationID], [Title], [StartDate], [Status], [Notes])
VALUES (@RT_CustomerVendor, @Org10, @Org2, 'DevOps Platform Subscription', '2019-08-01', 'Active',
        'DataFlow Systems subscribes to Nexus Software DevOps platform for CI/CD pipelines.');

-- Innovation Labs is Affiliate of Acme Technologies
INSERT INTO [__mj_BizAppsCommon].[Relationship]
    ([RelationshipTypeID], [FromOrganizationID], [ToOrganizationID], [Title], [StartDate], [Status], [Notes])
VALUES (@RT_Affiliate, @Org9, @Org1, 'Wholly-Owned Subsidiary', '2018-07-01', 'Active',
        'Innovation Labs operates as a wholly-owned R&D subsidiary of Acme Technologies.');

-- Green Energy Coalition is Partner of Riverside Community Foundation
INSERT INTO [__mj_BizAppsCommon].[Relationship]
    ([RelationshipTypeID], [FromOrganizationID], [ToOrganizationID], [Title], [StartDate], [Status], [Notes])
VALUES (@RT_Partner, @Org8, @Org4, 'Community Sustainability Initiative', '2020-04-22', 'Active',
        'Joint initiative focused on community sustainability education and renewable energy programs.');

PRINT '   Relationship: 25 records inserted';


-- ============================================================================
-- DONE
-- ============================================================================
PRINT '';
PRINT '=== BizAppsCommon Sample Data Script - Complete ===';
PRINT '';
PRINT 'Summary:';
PRINT '  - OrganizationType:  6 seed rows (idempotent)';
PRINT '  - AddressType:       7 seed rows (idempotent)';
PRINT '  - ContactType:       7 seed rows (idempotent)';
PRINT '  - RelationshipType: 12 seed rows (idempotent)';
PRINT '  - Person:           75 records';
PRINT '  - Organization:     40 records';
PRINT '  - Address:          15 records';
PRINT '  - AddressLink:      20 records (if CodeGen has been run)';
PRINT '  - ContactMethod:    20 records';
PRINT '  - Relationship:     25 records';
PRINT '';
GO
